Pulsar,ObservationID,ATNF Period (s),ATNF DM,Bextprof DM,Bestprof sigma,Bestprof location,Plot location,Archive locaion,Flux Density (mJy),Flux Density Uncertainty (mJy),SN,SN Uncertainty,Predicted SN,Predicted SN Uncertainty,Searched Bool,Search offset (deg),Search Bestprof location,Search Bestprof sigma,Search SN,Search SN Uncertainty
J0030+0451,1255444104,0.00486545321149608,4.332772,4.333,39.4,/astro/mwavcs/vcs/1255444104/dpp/1255444104_J0030+0451/pf_1255444104_J0030+0451_00:30:27.42_+04:51:39.72_b50_4.87ms_Cand.pfd.bestprof,/astro/mwavcs/vcs/1255444104/dpp/1255444104_J0030+0451/pf_1255444104_J0030+0451_00:30:27.42_+04:51:39.72_b49_4.87ms_Cand.pfd.png,/astro/mwavcs/vcs/1255444104/dpp/1255444104_J0030+0451/1255444104_J0030+0451_archive.ar,36.899,8.271,6.3136525627844335,22.869284759054473,,,,,,,,
J0034-0534,1255444104,0.001877181884585,13.76517,13.766,51.3,/astro/mwavcs/pulsar_search/SMART_quick_look_detection/1255444104/1255444104_J0034-0534.bestprof,/astro/mwavcs/pulsar_search/SMART_quick_look_detection/1255444104/1255444104_J0034-0534.prepfold.ps,/astro/mwavcs/vcs/1255444104/dpp/1255444104_J0034-0534/1255444104_J0034-0534_archive.ar,259.609,84.506,3.61396489230235,25.564299659054257,,,,,,,,
J0034-0721,1222697776,0.9429509945597656,10.922,9.726,10.8,/astro/mwavcs/pulsar_search/SMART_quick_look_detection/1222697776/1222697776_J0034-0721.bestprof,/astro/mwavcs/pulsar_search/SMART_quick_look_detection/1222697776/1222697776_J0034-0721.prepfold.ps,,26.347,7.027,8.58167047229979,2.7137624821480246,,,,,,,,
J0034-0721,1255444104,0.9429509945597656,10.922,10.892,394.1,/astro/mwavcs/pulsar_search/SMART_quick_look_detection/1255444104/1255444104_J0034-0721.bestprof,/astro/mwavcs/pulsar_search/SMART_quick_look_detection/1255444104/1255444104_J0034-0721.prepfold.ps,/astro/mwavcs/vcs/1255444104/dpp/1255444104_J0034-0721/1255444104_J0034-0721_archive.ar,691.857,42.122,64.0360291409941,4.5055592877880875,,,,,,,,
J0038-2501,1226062160,0.2569264575329,5.71,5.693,70.8,/astro/mwavcs/pulsar_search/SMART_quick_look_detection/1226062160/pf_1226062160_J0038-2501_00:38:10.26_-25:01:30.73_b256_256.94ms_Cand.pfd.bestprof,/astro/mwavcs/pulsar_search/SMART_quick_look_detection/1226062160/pf_1226062160_J0038-2501_00:38:10.26_-25:01:30.73_b256_256.94ms_Cand.pfd.png,/astro/mwavcs/vcs/1226062160/dpp/1226062160_J0038-2501/1226062160_J0038-2501_archive.ar,44.278,5.59,24.62600749831563,3.4826433791219493,,,,,,,,
J0051+0423,1225118240,0.3547317989,13.93,13.900,29.6,/astro/mwavcs/pulsar_search/SMART_quick_look_detection/1225118240/1225118240_J0051+0423.bestprof,/astro/mwavcs/pulsar_search/SMART_quick_look_detection/1225118240/1225118240_J0051+0423.prepfold.ps,,58.739,16.563,26.447779364687634,8.363522184601395,,,,,,,,
J0133-6957,1227009976,0.463473741703,22.948,22.948,27.4,/astro/mwavcs/pulsar_search/SMART_quick_look_detection/1227009976/1227009976_J0133-6957.bestprof,/astro/mwavcs/pulsar_search/SMART_quick_look_detection/1227009976/1227009976_J0133-6957.prepfold.ps,,12.062,3.954,25.08285951871308,7.931896630916816,,,,,,,,
J0134-2937,1226062160,0.13696161051365074,21.806,21.793,9.1,/astro/mwavcs/pulsar_search/SMART_quick_look_detection/1226062160/pf_1226062160_J0134-2937_01:34:18.68_-29:37:17.04_b100_136.96ms_Cand.pfd.bestprof,/astro/mwavcs/pulsar_search/SMART_quick_look_detection/1226062160/pf_1226062160_J0134-2937_01:34:18.68_-29:37:17.04_b100_136.96ms_Cand.pfd.png,/astro/mwavcs/vcs/1226062160/dpp/1226062160_J0134-2937/1226062160_J0134-2937_archive.ar,10.915,2.85,10.647596619696637,2.5096625910421513,,,,,,,,
J0151-0635,1252177744,1.464664549333674,25.66,25.660,12.9,/astro/mwavcs/pulsar_search/SMART_quick_look_detection/1252177744/1252177744_J0151-0635.bestprof,/astro/mwavcs/pulsar_search/SMART_quick_look_detection/1252177744/1252177744_J0151-0635.prepfold.ps,,7.58,3.069,13.946569449141546,3.2872379439257067,,,,,,,,
J0152-1637,1226062160,0.8327416126877758,11.92577,11.925,144.7,/astro/mwavcs/pulsar_search/SMART_quick_look_detection/1226062160/pf_1226062160_J0152-1637_01:52:10.85_-16:37:53.64_b1024_832.77ms_Cand.pfd.bestprof,/astro/mwavcs/pulsar_search/SMART_quick_look_detection/1226062160/pf_1226062160_J0152-1637_01:52:10.85_-16:37:53.64_b1024_832.77ms_Cand.pfd.png,/astro/mwavcs/vcs/1226062160/dpp/1226062160_J0152-1637/1226062160_J0152-1637_archive.ar,90.789,11.344,60.83433803844476,4.280289087914234,,,,,,,,
J0152-1637,1225462936,0.8327416126877758,11.92577,11.926,176.3,/astro/mwavcs/pulsar_search/SMART_quick_look_detection/1225462936/1225462936_J0152-1637.bestprof,/astro/mwavcs/pulsar_search/SMART_quick_look_detection/1225462936/1225462936_J0152-1637.prepfold.ps,,130.91,17.001,74.38400686899453,5.233640460022572,,,,,,,,
J0152-1637,1252780888,0.8327416126877758,11.92577,11.926,121.9,/astro/mwavcs/pulsar_search/SMART_quick_look_detection/1252780888/1252780888_J0152-1637.bestprof,/astro/mwavcs/pulsar_search/SMART_quick_look_detection/1252780888/1252780888_J0152-1637.prepfold.ps,,87.204,11.087,50.35656101129745,3.5430752688610028,,,,,,,,
J0206-4028,1226062160,0.6305512595685335,12.9,12.982,59.1,/astro/mwavcs/pulsar_search/SMART_quick_look_detection/1226062160/pf_1226062160_J0206-4028_02:06:01.29_-40:28:03.62_b512_630.57ms_Cand.pfd.bestprof,/astro/mwavcs/pulsar_search/SMART_quick_look_detection/1226062160/pf_1226062160_J0206-4028_02:06:01.29_-40:28:03.62_b512_630.57ms_Cand.pfd.png,/astro/mwavcs/vcs/1226062160/dpp/1226062160_J0206-4028/1226062160_J0206-4028_archive.ar,28.414,5.221,34.431196937795065,3.443119693779506,,,,,,,,
J0206-4028,1224859816,0.6305512595685335,12.9,12.988,196.3,/astro/mwavcs/vcs/1224859816/dpp/1224859816_J0206-4028/pf_1224859816_J0206-4028_02:06:01.29_-40:28:03.62_b512_630.56ms_Cand.pfd.bestprof,/astro/mwavcs/vcs/1224859816/dpp/1224859816_J0206-4028/pf_1224859816_J0206-4028_02:06:01.29_-40:28:03.62_b1024_630.56ms_Cand.pfd.png,/astro/mwavcs/vcs/1224859816/dpp/1224859816_J0206-4028/1224859816_J0206-4028_archive.ar,128.934,15.622,68.24760756678558,4.801884911770681,,,,,,,,
J0206-4028,1253991112,0.6305512595685335,12.9,12.994,51.9,/astro/mwavcs/vcs/1253991112/dpp/1253991112_J0206-4028/pf_1253991112_J0206-4028_02:06:01.29_-40:28:03.62_b128_630.38ms_Cand.pfd.bestprof,/astro/mwavcs/vcs/1253991112/dpp/1253991112_J0206-4028/pf_1253991112_J0206-4028_02:06:01.29_-40:28:03.62_b1024_630.38ms_Cand.pfd.png,/astro/mwavcs/vcs/1253991112/dpp/1253991112_J0206-4028/1253991112_J0206-4028_archive.ar,95.333,20.551,11.754894312323113,2.7706551601249507,,,,,,,,
J0255-5304,1224859816,0.44770847319884904,15.9,17.961,11.0,/astro/mwavcs/pulsar_search/SMART_quick_look_detection/1224859816/1224859816_J0255-5304.bestprof,/astro/mwavcs/pulsar_search/SMART_quick_look_detection/1224859816/1224859816_J0255-5304.prepfold.ps,,18.383,5.601,15.814199126280759,3.2280598791796185,,,,,,,,
J0255-5304,1253471952,0.44770847319884904,15.9,15.900,13.2,/astro/mwavcs/pulsar_search/SMART_quick_look_detection/1253471952/1253471952_J0255-5304.bestprof,/astro/mwavcs/pulsar_search/SMART_quick_look_detection/1253471952/1253471952_J0255-5304.prepfold.ps,,67.15,10.263,9.705607328194777,2.2876335857667924,,,,,,,,
J0304+1932,1254594264,1.387584446262276,15.65677,15.657,40.6,/astro/mwavcs/pulsar_search/SMART_quick_look_detection/1254594264/1254594264_J0304+1932.bestprof,/astro/mwavcs/pulsar_search/SMART_quick_look_detection/1254594264/1254594264_J0304+1932.prepfold.ps,,34.5,9.008,22.333060388598557,5.263952815142238,,,,,,,,
J0401-7608,1255803168,0.5452541866069086,21.7,21.700,60.0,/astro/mwavcs/pulsar_search/SMART_quick_look_detection/1255803168/1255803168_J0401-7608.bestprof,/astro/mwavcs/pulsar_search/SMART_quick_look_detection/1255803168/1255803168_J0401-7608.prepfold.ps,,73.808,18.32,51.98303398052777,12.252518611427305,,,,,,,,
J0418-4154,1253991112,0.7571189450307722,24.325,24.325,46.3,/astro/mwavcs/pulsar_search/SMART_quick_look_detection/1253991112/1253991112_J0418-4154.bestprof,/astro/mwavcs/pulsar_search/SMART_quick_look_detection/1253991112/1253991112_J0418-4154.prepfold.ps,/astro/mwavcs/vcs/1253991112/dpp/1253991112_J0418-4154/1253991112_J0418-4154_archive.ar,38.409,11.324,42.250525120609375,9.958544273825154,,,,,,,,
J0437-4715,1257617424,0.0057574519367126365,2.64476,2.643,319.0,/astro/mwavcs/vcs/1257617424/dpp/1257617424_J0437-4715/pf_1257617424_J0437-4715_04:37:15.89_-47:15:09.11_b50_PSR_J0437-4715.pfd.bestprof,/astro/mwavcs/vcs/1257617424/dpp/1257617424_J0437-4715/pf_1257617424_J0437-4715_04:37:15.89_-47:15:09.11_b50_PSR_J0437-4715.pfd.png,/astro/mwavcs/vcs/1257617424/dpp/1257617424_J0437-4715/1257617424_J0437-4715_archive.ar,1179.041,237.693,6.230826978476452,94.57410428651477,,,,,,,,
J0450-1248,1255197408,0.4380141493906399,37.041,37.040,159.1,/astro/mwavcs/pulsar_search/SMART_quick_look_detection/1255197408/1255197408_J0450-1248.bestprof,/astro/mwavcs/pulsar_search/SMART_quick_look_detection/1255197408/1255197408_J0450-1248.prepfold.ps,,196.661,55.594,180.448027906213,42.53200806140753,,,,,,,,
J0450-1248,1256407632,0.4380141493906399,37.041,37.040,42.6,/astro/mwavcs/pulsar_search/SMART_quick_look_detection/1256407632/1256407632_J0450-1248.bestprof,/astro/mwavcs/pulsar_search/SMART_quick_look_detection/1256407632/1256407632_J0450-1248.prepfold.ps,,131.259,33.44,81.3195738692702,19.16720737538711,,,,,,,,
J0450-1248,1257010784,0.4380141493906399,37.041,37.040,16.3,/astro/mwavcs/pulsar_search/SMART_quick_look_detection/1257010784/1257010784_J0450-1248.bestprof,/astro/mwavcs/pulsar_search/SMART_quick_look_detection/1257010784/1257010784_J0450-1248.prepfold.ps,,46.957,11.787,13.318271183682775,2.7185807213363113,,,,,,,,
J0450-1248,1259427304,0.4380141493906399,37.041,37.040,0.0,/astro/mwavcs/pulsar_search/SMART_quick_look_detection/1259427304/1259427304_J0450-1248.bestprof,/astro/mwavcs/pulsar_search/SMART_quick_look_detection/1259427304/1259427304_J0450-1248.prepfold.ps,,64.741,6.532,23.765373722849038,1.672125860099438,,,,,,,,
J0452-1759,1255197408,0.5489392232937018,39.903,39.903,366.4,/astro/mwavcs/pulsar_search/SMART_quick_look_detection/1255197408/1255197408_J0452-1759.bestprof,/astro/mwavcs/pulsar_search/SMART_quick_look_detection/1255197408/1255197408_J0452-1759.prepfold.ps,,420.777,91.043,194.37278725275627,45.81410531485137,,,,,,,,
J0452-1759,1257010784,0.5489392232937018,39.903,39.903,166.8,/astro/mwavcs/pulsar_search/SMART_quick_look_detection/1257010784/1257010784_J0452-1759.bestprof,/astro/mwavcs/pulsar_search/SMART_quick_look_detection/1257010784/1257010784_J0452-1759.prepfold.ps,,186.082,14.375,37.02028886907244,2.604738435348552,,,,,,,,
J0452-1759,1259427304,0.5489392232937018,39.903,39.903,125.9,/astro/mwavcs/pulsar_search/SMART_quick_look_detection/1259427304/1259427304_J0452-1759.bestprof,/astro/mwavcs/pulsar_search/SMART_quick_look_detection/1259427304/1259427304_J0452-1759.prepfold.ps,,181.643,13.738,34.105689449096154,2.399667935771787,,,,,,,,
J0459-0210,1255197408,1.1330761236588236,21.02,21.020,67.2,/astro/mwavcs/pulsar_search/SMART_quick_look_detection/1255197408/1255197408_J0459-0210.bestprof,/astro/mwavcs/pulsar_search/SMART_quick_look_detection/1255197408/1255197408_J0459-0210.prepfold.ps,,62.202,18.853,73.8163332548804,17.398676602283995,,,,,,,,
J0459-0210,1256407632,1.1330761236588236,21.02,21.020,92.9,/astro/mwavcs/pulsar_search/SMART_quick_look_detection/1256407632/1256407632_J0459-0210.bestprof,/astro/mwavcs/pulsar_search/SMART_quick_look_detection/1256407632/1256407632_J0459-0210.prepfold.ps,,68.227,21.846,81.54649742519587,19.22069377045578,,,,,,,,
J0459-0210,1259427304,1.1330761236588236,21.02,21.020,28.9,/astro/mwavcs/pulsar_search/SMART_quick_look_detection/1259427304/1259427304_J0459-0210.bestprof,/astro/mwavcs/pulsar_search/SMART_quick_look_detection/1259427304/1259427304_J0459-0210.prepfold.ps,,37.395,6.981,20.433219712008615,2.0433219712008617,,,,,,,,
J0514-4408,1257617424,0.3202708224090367,15.122,15.122,33.5,/astro/mwavcs/pulsar_search/SMART_quick_look_detection/1257617424/1257617424_J0514-4408.bestprof,/astro/mwavcs/pulsar_search/SMART_quick_look_detection/1257617424/1257617424_J0514-4408.prepfold.ps,/astro/mwavcs/vcs/1257617424/dpp/1257617424_J0514-4408/1257617424_J0514-4408_archive.ar,90.452,7.616,13.173717743208204,1.3173717743208204,,,,,,,,
J0520-2553,1257010784,0.2416421756731351,33.77,33.770,17.3,/astro/mwavcs/pulsar_search/SMART_quick_look_detection/1257010784/1257010784_J0520-2553.bestprof,/astro/mwavcs/pulsar_search/SMART_quick_look_detection/1257010784/1257010784_J0520-2553.prepfold.ps,,17.673,5.423,20.467814605194057,4.177975161050881,,,,,,,,
J0525+1115,1259685792,0.3544375945137003,79.418,79.377,10.3,/astro/mwavcs/vcs/1259685792/dpp/1259685792_J0525+1115/pf_1259685792_J0525+1115_05:25:56.44_+11:15:19.08_b512_354.44ms_Cand.pfd.bestprof,/astro/mwavcs/vcs/1259685792/dpp/1259685792_J0525+1115/pf_1259685792_J0525+1115_05:25:56.44_+11:15:19.08_b1024_354.44ms_Cand.pfd.png,/astro/mwavcs/vcs/1259685792/dpp/1259685792_J0525+1115/1259685792_J0525+1115_archive.ar,43.658,5.543,8.738819704433356,0.8738819704433355,,,,,,,,
J0528+2200,1259685792,3.7455392503014053,50.8695,50.870,61.2,/astro/mwavcs/vcs/1259685792/dpp/1259685792_J0528+2200/pf_1259685792_J0528+2200_05:28:52.26_+22:00:04.00_b512_3744.90ms_Cand.pfd.bestprof,/astro/mwavcs/vcs/1259685792/dpp/1259685792_J0528+2200/pf_1259685792_J0528+2200_05:28:52.26_+22:00:04.00_b1024_3744.90ms_Cand.pfd.png,/astro/mwavcs/vcs/1259685792/dpp/1259685792_J0528+2200/1259685792_J0528+2200_archive.ar,38.332,6.916,31.61959267596163,3.161959267596163,,,,,,,,
J0534+2200,1259685792,0.033392412302258895,56.77118,56.264,8.1,/astro/mwavcs/vcs/1259685792/dpp/1259685792_J0534+2200/pf_1259685792_J0534+2200_05:34:31.97_+22:00:52.06_b100_33.39ms_Cand.pfd.bestprof,/astro/mwavcs/vcs/1259685792/dpp/1259685792_J0534+2200/pf_1259685792_J0534+2200_05:34:31.97_+22:00:52.06_b100_33.39ms_Cand.pfd.png,,35.041,6.537,6.814316695103819,1.6061498480868712,,,,,,,,
J0600-5756,1257617424,2.261364513,30.0,30.000,19.7,/astro/mwavcs/pulsar_search/SMART_quick_look_detection/1257617424/1257617424_J0600-5756.bestprof,/astro/mwavcs/pulsar_search/SMART_quick_look_detection/1257617424/1257617424_J0600-5756.prepfold.ps,/astro/mwavcs/vcs/1257617424/dpp/1257617424_J0600-5756/1257617424_J0600-5756_archive.ar,26.8,2.879,8.620086325725504,1.2190642990667868,,,,,,,,
J0601-0527,1259427304,0.39596916954318157,80.538,80.538,20.6,/astro/mwavcs/pulsar_search/SMART_quick_look_detection/1259427304/1259427304_J0601-0527.bestprof,/astro/mwavcs/pulsar_search/SMART_quick_look_detection/1259427304/1259427304_J0601-0527.prepfold.ps,,71.944,11.495,19.655889631343552,4.012241669771188,,,,,,,,
J0614+2229,1259685792,0.33495996611057016,96.91,96.871,12.4,/astro/mwavcs/vcs/1259685792/dpp/1259685792_J0614+2229/pf_1259685792_J0614+2229_06:14:17.00_+22:29:56.84_b256_335.02ms_Cand.pfd.bestprof,/astro/mwavcs/vcs/1259685792/dpp/1259685792_J0614+2229/pf_1259685792_J0614+2229_06:14:17.00_+22:29:56.84_b1024_335.02ms_Cand.pfd.png,/astro/mwavcs/vcs/1259685792/dpp/1259685792_J0614+2229/1259685792_J0614+2229_archive.ar,32.743,5.693,9.743130468069632,1.3778867247914597,,,,,,,,
J0624-0424,1260638120,1.0390764758509907,70.835,70.835,18.3,/astro/mwavcs/pulsar_search/SMART_quick_look_detection/1260638120/1260638120_J0624-0424.bestprof,/astro/mwavcs/pulsar_search/SMART_quick_look_detection/1260638120/1260638120_J0624-0424.prepfold.ps,,25.544,7.999,13.360598734501671,2.7272207964669795,,,,,,,,
J0630-2834,1258221008,1.2444185961512455,34.425,34.425,402.8,/astro/mwavcs/pulsar_search/SMART_quick_look_detection/1258221008/1258221008_J0630-2834.bestprof,/astro/mwavcs/pulsar_search/SMART_quick_look_detection/1258221008/1258221008_J0630-2834.prepfold.ps,,730.552,47.168,70.65258248443197,4.971098356490077,,,,,,,,
J0630-2834,1261241272,1.2444185961512455,34.425,34.425,864.0,/astro/mwavcs/pulsar_search/SMART_quick_look_detection/1261241272/1261241272_J0630-2834.bestprof,/astro/mwavcs/pulsar_search/SMART_quick_look_detection/1261241272/1261241272_J0630-2834.prepfold.ps,/astro/mwavcs/vcs/1261241272/dpp/1261241272_J0630-2834/1261241272_J0630-2834_archive.ar,1353.218,91.426,126.2871467872214,8.885532641048295,,,,,,,,
J0630-2834,1265983624,1.2444185961512455,34.425,34.357,61.9,/astro/mwavcs/vcs/1265983624/dpp/1265983624_J0630-2834/pf_1265983624_J0630-2834_06:30:49.40_-28:34:42.77_b256_1244.56ms_Cand.pfd.bestprof,/astro/mwavcs/vcs/1265983624/dpp/1265983624_J0630-2834/pf_1265983624_J0630-2834_06:30:49.40_-28:34:42.77_b1024_1244.56ms_Cand.pfd.png,/astro/mwavcs/vcs/1265983624/dpp/1265983624_J0630-2834/1265983624_J0630-2834_archive.ar,175.304,24.841,23.0193161847662,3.255422914505085,,,,,,,,
J0636-4549,1257617424,1.98459736713,26.31,25.830,8.9,/astro/mwavcs/vcs/1257617424/dpp/1257617424_J0636-4549/pf_1257617424_J0636-4549_06:36:33.74_-45:49:32.62_b100_1984.60ms_Cand.pfd.bestprof,/astro/mwavcs/vcs/1257617424/dpp/1257617424_J0636-4549/pf_1257617424_J0636-4549_06:36:33.74_-45:49:32.62_b100_1984.60ms_Cand.pfd.png,,18.664,7.396,14.341006250665775,3.380207589628145,,,,,,,,
J0636-4549,1258221008,1.98459736713,26.31,26.310,36.0,/astro/mwavcs/pulsar_search/SMART_quick_look_detection/1258221008/1258221008_J0636-4549.bestprof,/astro/mwavcs/pulsar_search/SMART_quick_look_detection/1258221008/1258221008_J0636-4549.prepfold.ps,,18.576,5.769,7.124431334332995,0.7124431334332995,,,,,,,,
J0702-4956,1257617424,0.6659935900128262,98.7,92.013,6.3,/astro/mwavcs/vcs/1257617424/dpp/1257617424_J0702-4956/pf_1257617424_J0702-4956_07:02:39.30_-49:56:34.20_b100_665.99ms_Cand.pfd.bestprof,/astro/mwavcs/vcs/1257617424/dpp/1257617424_J0702-4956/pf_1257617424_J0702-4956_07:02:39.30_-49:56:34.20_b100_665.99ms_Cand.pfd.png,,15.502,4.943,9.761917307323646,2.3009059751302914,,,,,,,,
J0729-1448,1266155952,0.251658714180918,91.89,91.962,23.0,/astro/mwavcs/pulsar_search/SMART_quick_look_detection/1266155952/1266155952_J0729-1448.bestprof,/astro/mwavcs/pulsar_search/SMART_quick_look_detection/1266155952/1266155952_J0729-1448.prepfold.ps,/astro/mwavcs/vcs/1266155952/dpp/1266155952_J0729-1448/1266155952_J0729-1448_archive.ar,63.794,10.952,12.85710075510999,1.8182686260673908,,,,,,,,
J0729-1836,1261241272,0.5101603448262563,61.293,61.293,7.7,/astro/mwavcs/pulsar_search/SMART_quick_look_detection/1261241272/1261241272_J0729-1836.bestprof,/astro/mwavcs/pulsar_search/SMART_quick_look_detection/1261241272/1261241272_J0729-1836.prepfold.ps,,41.936,9.527,13.042905312535236,3.0742422642892375,,,,,,,,
J0729-1836,1266155952,0.5101603448262563,61.293,61.318,18.6,/astro/mwavcs/pulsar_search/SMART_quick_look_detection/1266155952/1266155952_J0729-1836.bestprof,/astro/mwavcs/pulsar_search/SMART_quick_look_detection/1266155952/1266155952_J0729-1836.prepfold.ps,,72.186,11.044,12.366745263612458,1.7489218874213972,,,,,,,,
J0737-3039A,1258221008,0.022699378599623916,48.92,48.920,21.9,/astro/mwavcs/pulsar_search/SMART_quick_look_detection/1258221008/1258221008_J0737-3039A.bestprof,/astro/mwavcs/pulsar_search/SMART_quick_look_detection/1258221008/1258221008_J0737-3039A.prepfold.ps,,144.221,22.33,16.433740298294463,3.873469735060884,,,,,,,,
J0737-3039A,1261241272,0.022699378599623916,48.92,48.920,30.8,/astro/mwavcs/pulsar_search/SMART_quick_look_detection/1261241272/1261241272_J0737-3039A.bestprof,/astro/mwavcs/pulsar_search/SMART_quick_look_detection/1261241272/1261241272_J0737-3039A.prepfold.ps,,172.913,27.564,22.159443081841104,5.2230308234957254,,,,,,,,
J0742-2822,1261241272,0.16676229157216363,73.728,73.728,130.6,/astro/mwavcs/pulsar_search/SMART_quick_look_detection/1261241272/1261241272_J0742-2822.bestprof,/astro/mwavcs/pulsar_search/SMART_quick_look_detection/1261241272/1261241272_J0742-2822.prepfold.ps,/astro/mwavcs/vcs/1261241272/dpp/1261241272_J0742-2822/1261241272_J0742-2822_archive.ar,493.411,25.372,23.348235280668458,1.6427761017263505,,,,,,,,
J0742-2822,1265983624,0.16676229157216363,73.728,73.887,15.3,/astro/mwavcs/pulsar_search/SMART_quick_look_detection/1265983624/1265983624_J0742-2822.bestprof,/astro/mwavcs/pulsar_search/SMART_quick_look_detection/1265983624/1265983624_J0742-2822.prepfold.ps,/astro/mwavcs/vcs/1265983624/dpp/1265983624_J0742-2822/1265983624_J0742-2822_archive.ar,64.019,8.898,7.117801173722375,1.0066090954153317,,,,,,,,
J0742-2822,1266155952,0.16676229157216363,73.728,73.790,0.0,/astro/mwavcs/pulsar_search/SMART_quick_look_detection/1266155952/1266155952_J0742-2822.bestprof,/astro/mwavcs/pulsar_search/SMART_quick_look_detection/1266155952/1266155952_J0742-2822.prepfold.ps,/astro/mwavcs/vcs/1266155952/dpp/1266155952_J0742-2822/1266155952_J0742-2822_archive.ar,225.544,14.36,13.109262034840318,0.9223644580939677,,,,,,,,
J0742-2822,1265470568,0.16676229157216363,73.728,73.813,21.3,/astro/mwavcs/pulsar_search/SMART_quick_look_detection/1265470568/1265470568_J0742-2822.bestprof,/astro/mwavcs/pulsar_search/SMART_quick_look_detection/1265470568/1265470568_J0742-2822.prepfold.ps,,361.86,39.9,11.103300976341432,1.5702438827852483,,,,,,,,
J0749-4247,1265983624,1.09545215761,104.595,118.905,6.8,/astro/mwavcs/vcs/1265983624/dpp/1265983624_J0749-4247/pf_1265983624_J0749-4247_07:49:49.67_-42:47:42.14_b100_1095.45ms_Cand.pfd.bestprof,/astro/mwavcs/vcs/1265983624/dpp/1265983624_J0749-4247/pf_1265983624_J0749-4247_07:49:49.67_-42:47:42.14_b100_1095.45ms_Cand.pfd.png,,19.041,8.742,5.465607208631498,1.28825597350847,,,,,,,,
J0758-1528,1266155952,0.6822651758059591,63.327,63.297,26.2,/astro/mwavcs/pulsar_search/SMART_quick_look_detection/1266155952/1266155952_J0758-1528.bestprof,/astro/mwavcs/pulsar_search/SMART_quick_look_detection/1266155952/1266155952_J0758-1528.prepfold.ps,/astro/mwavcs/vcs/1266155952/dpp/1266155952_J0758-1528/1266155952_J0758-1528_archive.ar,38.667,8.797,21.225849702352257,2.1225849702352257,,,,,,,,
J0820-1350,1261241272,1.2381295438681763,40.938,,,,,,,,,,,,,,,,,
J0820-1350,1266155952,1.2381295438681763,40.938,40.988,390.8,/astro/mwavcs/pulsar_search/SMART_quick_look_detection/1266155952/1266155952_J0820-1350.bestprof,/astro/mwavcs/pulsar_search/SMART_quick_look_detection/1266155952/1266155952_J0820-1350.prepfold.ps,/astro/mwavcs/vcs/1266155952/dpp/1266155952_J0820-1350/1266155952_J0820-1350_archive.ar,410.981,48.424,112.70589303067145,7.929958961301535,,,,,,,,
J0820-1350,1265470568,1.2381295438681763,40.938,40.988,146.8,/astro/mwavcs/pulsar_search/SMART_quick_look_detection/1265470568/1265470568_J0820-1350.bestprof,/astro/mwavcs/pulsar_search/SMART_quick_look_detection/1265470568/1265470568_J0820-1350.prepfold.ps,,196.294,24.327,51.87807580046793,3.6501286758541207,,,,,,,,
J0820-3921,1265983624,1.07356658405,179.4,179.749,8.5,/astro/mwavcs/vcs/1265983624/dpp/1265983624_J0820-3921/pf_1265983624_J0820-3921_08:20:49.11_-39:21:55.70_b100_1073.57ms_Cand.pfd.bestprof,/astro/mwavcs/vcs/1265983624/dpp/1265983624_J0820-3921/pf_1265983624_J0820-3921_08:20:49.11_-39:21:55.70_b100_1073.57ms_Cand.pfd.png,,50.975,11.239,5.761457976212062,1.3579886681669573,,,,,,,,
J0820-4114,1265983624,0.5454455601017385,113.4,113.317,21.9,/astro/mwavcs/pulsar_search/SMART_quick_look_detection/1265983624/1265983624_J0820-4114.bestprof,/astro/mwavcs/pulsar_search/SMART_quick_look_detection/1265983624/1265983624_J0820-4114.prepfold.ps,/astro/mwavcs/vcs/1265983624/dpp/1265983624_J0820-4114/1265983624_J0820-4114_archive.ar,100.675,9.025,11.107098077881327,1.1107098077881328,,,,,,,,
J0820-4114,1265470568,0.5454455601017385,113.4,113.397,11.2,/astro/mwavcs/pulsar_search/SMART_quick_look_detection/1265470568/1265470568_J0820-4114.bestprof,/astro/mwavcs/pulsar_search/SMART_quick_look_detection/1265470568/1265470568_J0820-4114.prepfold.ps,,33.59,7.26,7.341534244559435,1.498584402361649,,,,,,,,
J0823+0159,1266155952,0.8648728046988048,23.727,23.928,13.2,/astro/mwavcs/vcs/1266155952/dpp/1266155952_J0823+0159/pf_1266155952_J0823+0159_08:23:09.76_+01:59:12.46_b100_PSR_J0823+0159.pfd.bestprof,/astro/mwavcs/vcs/1266155952/dpp/1266155952_J0823+0159/pf_1266155952_J0823+0159_08:23:09.76_+01:59:12.46_b1024_PSR_J0823+0159.pfd.png,/astro/mwavcs/vcs/1266155952/dpp/1266155952_J0823+0159/1266155952_J0823+0159_archive.ar,37.21,10.307,11.092550014932646,2.614539112069938,,,,,,,,
J0826+2637,1265725128,0.5306605116860001,19.47633,19.472,190.5,/astro/mwavcs/pulsar_search/SMART_quick_look_detection/1265725128/1265725128_J0826+2637.bestprof,/astro/mwavcs/pulsar_search/SMART_quick_look_detection/1265725128/1265725128_J0826+2637.prepfold.ps,,193.866,18.806,51.046473986814185,3.5916173764261177,,,,,,,,
J0835-4510,1265983624,0.08932838502359318,67.771,67.838,471.2,/astro/mwavcs/pulsar_search/SMART_quick_look_detection/1265983624/1265983624_J0835-4510.bestprof,/astro/mwavcs/pulsar_search/SMART_quick_look_detection/1265983624/1265983624_J0835-4510.prepfold.ps,/astro/mwavcs/vcs/1265983624/dpp/1265983624_J0835-4510/1265983624_J0835-4510_archive.ar,0.0,7.041,42.48918678055578,3.202742959055278,,,,,,,,
J0835-4510,1265470568,0.08932838502359318,67.771,67.830,80.6,/astro/mwavcs/pulsar_search/SMART_quick_look_detection/1265470568/1265470568_J0835-4510.bestprof,/astro/mwavcs/pulsar_search/SMART_quick_look_detection/1265470568/1265470568_J0835-4510.prepfold.ps,,-0.0,-7.098,23.80671620867867,5.611296822980127,,,,,,,,
J0835-4510,1266680784,0.08932838502359318,67.771,67.843,173.1,/astro/mwavcs/pulsar_search/SMART_quick_look_detection/1266680784/1266680784_J0835-4510.bestprof,/astro/mwavcs/pulsar_search/SMART_quick_look_detection/1266680784/1266680784_J0835-4510.prepfold.ps,,1120.632,55.28,23.01425399619858,1.7347646667120007,,,,,,,,
J0837+0610,1265725128,1.2737682915784503,12.864,12.867,143.2,/astro/mwavcs/pulsar_search/SMART_quick_look_detection/1265725128/1265725128_J0837+0610.bestprof,/astro/mwavcs/pulsar_search/SMART_quick_look_detection/1265725128/1265725128_J0837+0610.prepfold.ps,,138.301,17.315,61.21842937892656,4.307313660325749,,,,,,,,
J0837-4135,1265983624,0.7516254225473826,147.2,147.328,118.6,/astro/mwavcs/pulsar_search/SMART_quick_look_detection/1265983624/1265983624_J0837-4135.bestprof,/astro/mwavcs/pulsar_search/SMART_quick_look_detection/1265983624/1265983624_J0837-4135.prepfold.ps,/astro/mwavcs/vcs/1265983624/dpp/1265983624_J0837-4135/1265983624_J0837-4135_archive.ar,174.785,14.263,30.739147985278688,2.162798904954318,,,,,,,,
J0837-4135,1266329600,0.7516254225473826,147.2,147.301,77.7,/astro/mwavcs/pulsar_search/SMART_quick_look_detection/1266329600/1266329600_J0837-4135.bestprof,/astro/mwavcs/pulsar_search/SMART_quick_look_detection/1266329600/1266329600_J0837-4135.prepfold.ps,,144.191,12.067,24.449458307877123,1.7202578835407978,,,,,,,,
J0837-4135,1265470568,0.7516254225473826,147.2,147.331,0.0,/astro/mwavcs/pulsar_search/SMART_quick_look_detection/1265470568/1265470568_J0837-4135.bestprof,/astro/mwavcs/pulsar_search/SMART_quick_look_detection/1265470568/1265470568_J0837-4135.prepfold.ps,,80.289,7.763,15.22934193466533,1.07153275930886,,,,,,,,
J0837-4135,1266680784,0.7516254225473826,147.2,147.282,34.1,/astro/mwavcs/pulsar_search/SMART_quick_look_detection/1266680784/1266680784_J0837-4135.bestprof,/astro/mwavcs/pulsar_search/SMART_quick_look_detection/1266680784/1266680784_J0837-4135.prepfold.ps,,53.836,6.095,12.796157669181444,0.9003345118017757,,,,,,,,
J0838-3947,1265983624,1.7039457055449228,219.0,239.991,6.6,/astro/mwavcs/vcs/1265983624/dpp/1265983624_J0838-3947/pf_1265983624_J0838-3947_08:38:30.80_-39:47:22.00_b100_1703.95ms_Cand.pfd.bestprof,/astro/mwavcs/vcs/1265983624/dpp/1265983624_J0838-3947/pf_1265983624_J0838-3947_08:38:30.80_-39:47:22.00_b100_1703.95ms_Cand.pfd.png,,22.038,9.04,5.706141098443673,1.3449503550389255,,,,,,,,
J0842-4851,1266329600,0.6443536202886856,196.85,196.579,12.1,/astro/mwavcs/pulsar_search/SMART_quick_look_detection/1266329600/1266329600_J0842-4851.bestprof,/astro/mwavcs/pulsar_search/SMART_quick_look_detection/1266329600/1266329600_J0842-4851.prepfold.ps,,43.011,8.163,6.350424817812724,1.2962750377956667,,,,,,,,
J0855-3331,1265470568,1.2675357027556968,86.635,86.414,27.4,/astro/mwavcs/pulsar_search/SMART_quick_look_detection/1265470568/1265470568_J0855-3331.bestprof,/astro/mwavcs/pulsar_search/SMART_quick_look_detection/1265470568/1265470568_J0855-3331.prepfold.ps,,76.297,8.479,15.726828926879536,1.5726828926879537,,,,,,,,
J0856-6137,1266329600,0.9625106105636911,95.0,95.802,80.1,/astro/mwavcs/pulsar_search/SMART_quick_look_detection/1266329600/1266329600_J0856-6137.bestprof,/astro/mwavcs/pulsar_search/SMART_quick_look_detection/1266329600/1266329600_J0856-6137.prepfold.ps,,111.02,11.105,24.550201643894894,1.7273461599278022,,,,,,,,
J0856-6137,1266932744,0.9625106105636911,95.0,95.784,99.0,/astro/mwavcs/pulsar_search/SMART_quick_look_detection/1266932744/1266932744_J0856-6137.bestprof,/astro/mwavcs/pulsar_search/SMART_quick_look_detection/1266932744/1266932744_J0856-6137.prepfold.ps,,92.812,9.329,32.90336206078978,2.315072475934352,,,,,,,,
J0902-6325,1266329600,0.6603133715,72.72,72.903,15.2,/astro/mwavcs/pulsar_search/SMART_quick_look_detection/1266329600/1266329600_J0902-6325.bestprof,/astro/mwavcs/pulsar_search/SMART_quick_look_detection/1266329600/1266329600_J0902-6325.prepfold.ps,,38.801,9.752,20.763036262725045,4.238237029548348,,,,,,,,
J0902-6325,1266932744,0.6603133715,72.72,72.848,29.5,/astro/mwavcs/pulsar_search/SMART_quick_look_detection/1266932744/1266932744_J0902-6325.bestprof,/astro/mwavcs/pulsar_search/SMART_quick_look_detection/1266932744/1266932744_J0902-6325.prepfold.ps,,22.706,5.102,22.676888806262316,2.2676888806262316,,,,,,,,
J0904-7459,1266932744,0.5495536788056365,51.1,49.111,11.2,/astro/mwavcs/pulsar_search/SMART_quick_look_detection/1266932744/1266932744_J0904-7459.bestprof,/astro/mwavcs/pulsar_search/SMART_quick_look_detection/1266932744/1266932744_J0904-7459.prepfold.ps,,13.445,4.361,6.883896724939022,1.4051695348430706,,,,,,,,
J0905-6019,1266329600,0.340854176542,91.4,91.652,18.2,/astro/mwavcs/pulsar_search/SMART_quick_look_detection/1266329600/1266329600_J0905-6019.bestprof,/astro/mwavcs/pulsar_search/SMART_quick_look_detection/1266329600/1266329600_J0905-6019.prepfold.ps,,33.839,7.554,13.87857260653765,1.962726560654526,,,,,,,,
J0905-6019,1266932744,0.340854176542,91.4,91.665,21.7,/astro/mwavcs/pulsar_search/SMART_quick_look_detection/1266932744/1266932744_J0905-6019.bestprof,/astro/mwavcs/pulsar_search/SMART_quick_look_detection/1266932744/1266932744_J0905-6019.prepfold.ps,,31.949,5.037,14.825367168117355,1.4825367168117354,,,,,,,,
J0907-5157,1266329600,0.25355772532977777,103.72,103.808,16.4,/astro/mwavcs/pulsar_search/SMART_quick_look_detection/1266329600/1266329600_J0907-5157.bestprof,/astro/mwavcs/pulsar_search/SMART_quick_look_detection/1266329600/1266329600_J0907-5157.prepfold.ps,,88.502,12.466,7.132845339880268,1.4559859580746257,,,,,,,,
J0908-1739,1265470568,0.40162562344216124,15.879,15.870,80.9,/astro/mwavcs/pulsar_search/SMART_quick_look_detection/1265470568/1265470568_J0908-1739.bestprof,/astro/mwavcs/pulsar_search/SMART_quick_look_detection/1265470568/1265470568_J0908-1739.prepfold.ps,,102.991,9.962,26.808780017120885,1.8862591797260766,,,,,,,,
J0908-1739,1267283936,0.40162562344216124,15.879,15.866,0.0,/astro/mwavcs/pulsar_search/SMART_quick_look_detection/1267283936/1267283936_J0908-1739.bestprof,/astro/mwavcs/pulsar_search/SMART_quick_look_detection/1267283936/1267283936_J0908-1739.prepfold.ps,,62.072,6.423,20.24269712410539,1.4242711995239492,,,,,,,,
J0922+0638,1265725128,0.4306270989281231,27.2986,27.305,17.0,/astro/mwavcs/pulsar_search/SMART_quick_look_detection/1265725128/1265725128_J0922+0638.bestprof,/astro/mwavcs/pulsar_search/SMART_quick_look_detection/1265725128/1265725128_J0922+0638.prepfold.ps,,35.467,7.809,14.362077691523236,2.031104505520823,,,,,,,,
J0922+0638,1264867416,0.4306270989281231,27.2986,27.289,176.4,/astro/mwavcs/pulsar_search/SMART_quick_look_detection/1264867416/1264867416_J0922+0638.bestprof,/astro/mwavcs/pulsar_search/SMART_quick_look_detection/1264867416/1264867416_J0922+0638.prepfold.ps,,184.273,16.845,44.97447404648256,3.1643929514641362,,,,,,,,
J0922+0638,1267111608,0.4306270989281231,27.2986,27.276,192.7,/astro/mwavcs/vcs/1267111608/dpp/1267111608_J0922+0638/pf_1267111608_J0922+0638_09:22:14.02_+06:38:23.30_b256_430.27ms_Cand.pfd.bestprof,/astro/mwavcs/vcs/1267111608/dpp/1267111608_J0922+0638/pf_1267111608_J0922+0638_09:22:14.02_+06:38:23.30_b1024_430.27ms_Cand.pfd.png,/astro/mwavcs/vcs/1267111608/dpp/1267111608_J0922+0638/1267111608_J0922+0638_archive.ar,,,,,,,,,,,,
J0924-5302,1265983624,0.746338052448296,152.9,153.425,28.9,/astro/mwavcs/pulsar_search/SMART_quick_look_detection/1265983624/1265983624_J0924-5302.bestprof,/astro/mwavcs/pulsar_search/SMART_quick_look_detection/1265983624/1265983624_J0924-5302.prepfold.ps,,56.934,8.094,15.77201385716258,1.5772013857162581,,,,,,,,
J0924-5302,1266329600,0.746338052448296,152.9,153.376,0.0,/astro/mwavcs/pulsar_search/SMART_quick_look_detection/1266329600/1266329600_J0924-5302.bestprof,/astro/mwavcs/pulsar_search/SMART_quick_look_detection/1266329600/1266329600_J0924-5302.prepfold.ps,,115.287,10.159,19.85304839357052,1.3968556105127885,,,,,,,,
J0924-5302,1266932744,0.746338052448296,152.9,153.345,0.0,/astro/mwavcs/pulsar_search/SMART_quick_look_detection/1266932744/1266932744_J0924-5302.bestprof,/astro/mwavcs/pulsar_search/SMART_quick_look_detection/1266932744/1266932744_J0924-5302.prepfold.ps,,52.777,5.286,13.486306664575249,0.9488932256674918,,,,,,,,
J0924-5302,1266680784,0.746338052448296,152.9,153.335,28.4,/astro/mwavcs/pulsar_search/SMART_quick_look_detection/1266680784/1266680784_J0924-5302.bestprof,/astro/mwavcs/pulsar_search/SMART_quick_look_detection/1266680784/1266680784_J0924-5302.prepfold.ps,,63.605,8.497,14.120937658026023,1.4120937658026023,,,,,,,,
J0924-5814,1266329600,0.7395054700038848,57.4,57.643,16.9,/astro/mwavcs/pulsar_search/SMART_quick_look_detection/1266329600/1266329600_J0924-5814.bestprof,/astro/mwavcs/pulsar_search/SMART_quick_look_detection/1266329600/1266329600_J0924-5814.prepfold.ps,,42.834,7.403,8.664719730674541,1.2253764157281686,,,,,,,,
J0924-5814,1266932744,0.7395054700038848,57.4,57.254,20.7,/astro/mwavcs/pulsar_search/SMART_quick_look_detection/1266932744/1266932744_J0924-5814.bestprof,/astro/mwavcs/pulsar_search/SMART_quick_look_detection/1266932744/1266932744_J0924-5814.prepfold.ps,,29.489,5.353,10.176676325601466,1.4391993679546788,,,,,,,,
J0942-5552,1265983624,0.6643886813760521,180.16,180.055,9.3,/astro/mwavcs/pulsar_search/SMART_quick_look_detection/1265983624/1265983624_J0942-5552.bestprof,/astro/mwavcs/pulsar_search/SMART_quick_look_detection/1265983624/1265983624_J0942-5552.prepfold.ps,,34.558,10.563,21.863812745056077,6.913944660979552,,,,,,,,
J0942-5552,1266932744,0.6643886813760521,180.16,180.026,31.1,/astro/mwavcs/pulsar_search/SMART_quick_look_detection/1266932744/1266932744_J0942-5552.bestprof,/astro/mwavcs/pulsar_search/SMART_quick_look_detection/1266932744/1266932744_J0942-5552.prepfold.ps,,37.274,5.446,14.434703980465835,1.4434703980465835,,,,,,,,
J0942-5657,1266329600,0.8081643714147704,159.74,160.189,71.1,/astro/mwavcs/pulsar_search/SMART_quick_look_detection/1266329600/1266329600_J0942-5657.bestprof,/astro/mwavcs/pulsar_search/SMART_quick_look_detection/1266329600/1266329600_J0942-5657.prepfold.ps,,86.386,10.282,28.034116827236957,1.9724735768326085,,,,,,,,
J0942-5657,1266932744,0.8081643714147704,159.74,160.193,116.3,/astro/mwavcs/pulsar_search/SMART_quick_look_detection/1266932744/1266932744_J0942-5657.bestprof,/astro/mwavcs/pulsar_search/SMART_quick_look_detection/1266932744/1266932744_J0942-5657.prepfold.ps,,95.017,10.647,44.38587499586311,3.1229792667794944,,,,,,,,
J0942-5657,1266680784,0.8081643714147704,159.74,160.171,35.0,/astro/mwavcs/pulsar_search/SMART_quick_look_detection/1266680784/1266680784_J0942-5657.bestprof,/astro/mwavcs/pulsar_search/SMART_quick_look_detection/1266680784/1266680784_J0942-5657.prepfold.ps,,44.988,6.123,19.007189358796182,1.3373411765072725,,,,,,,,
J0943+1631,1267111608,1.0874177280712083,20.3402,20.482,9.7,/astro/mwavcs/pulsar_search/SMART_quick_look_detection/1267111608/1267111608_J0943+1631.bestprof,/astro/mwavcs/pulsar_search/SMART_quick_look_detection/1267111608/1267111608_J0943+1631.prepfold.ps,,34.236,6.932,11.122606540556177,2.2703925528421207,,,,,,,,
J0944-1354,1267283936,0.5702641245618781,12.497,12.499,0.0,/astro/mwavcs/pulsar_search/SMART_quick_look_detection/1267283936/1267283936_J0944-1354.bestprof,/astro/mwavcs/pulsar_search/SMART_quick_look_detection/1267283936/1267283936_J0944-1354.prepfold.ps,,26.531,4.77,24.842812029115084,1.7479341547881535,,,,,,,,
J0946+0951,1267111608,1.0977057048553227,15.31845,15.319,210.1,/astro/mwavcs/pulsar_search/SMART_quick_look_detection/1267111608/1267111608_J0946+0951.bestprof,/astro/mwavcs/pulsar_search/SMART_quick_look_detection/1267111608/1267111608_J0946+0951.prepfold.ps,/astro/mwavcs/vcs/1267111608/dpp/1267111608_J0946+0951/1267111608_J0946+0951_archive.ar,181.877,17.863,53.43707184440609,3.759819254730033,,,,,,,,
J0953+0755,1264867416,0.25306516494815756,2.96927,2.971,1441.5,/astro/mwavcs/pulsar_search/SMART_quick_look_detection/1264867416/1264867416_J0953+0755.bestprof,/astro/mwavcs/pulsar_search/SMART_quick_look_detection/1264867416/1264867416_J0953+0755.prepfold.ps,,1863.552,126.199,212.21682106402505,14.931523425111571,,,,,,,,
J0953+0755,1267111608,0.25306516494815756,2.96927,2.971,569.9,/astro/mwavcs/pulsar_search/SMART_quick_look_detection/1267111608/1267111608_J0953+0755.bestprof,/astro/mwavcs/pulsar_search/SMART_quick_look_detection/1267111608/1267111608_J0953+0755.prepfold.ps,/astro/mwavcs/vcs/1267111608/dpp/1267111608_J0953+0755/1267111608_J0953+0755_archive.ar,775.204,51.214,96.88853995613417,6.817053882563878,,,,,,,,
J0953+0755,1268063336,0.25306516494815756,2.96927,3.065,21.8,/astro/mwavcs/vcs/1268063336/dpp/1268063336_J0953+0755/pf_1268063336_J0953+0755_09:53:09.30_+07:55:35.75_b256_253.06ms_Cand.pfd.bestprof,/astro/mwavcs/vcs/1268063336/dpp/1268063336_J0953+0755/pf_1268063336_J0953+0755_09:53:09.30_+07:55:35.75_b1024_253.06ms_Cand.pfd.png,/astro/mwavcs/vcs/1268063336/dpp/1268063336_J0953+0755/1268063336_J0953+0755_archive.ar,80.503,13.246,10.569327073126063,1.4947285691972005,,,,,,,,
J0955-5304,1265983624,0.8621220105913701,156.9,156.900,10.4,/astro/mwavcs/pulsar_search/SMART_quick_look_detection/1265983624/1265983624_J0955-5304.bestprof,/astro/mwavcs/pulsar_search/SMART_quick_look_detection/1265983624/1265983624_J0955-5304.prepfold.ps,,27.533,8.394,10.966649745903641,3.467959149836232,,,,,,,,
J0955-5304,1266680784,0.8621220105913701,156.9,156.860,23.1,/astro/mwavcs/pulsar_search/SMART_quick_look_detection/1266680784/1266680784_J0955-5304.bestprof,/astro/mwavcs/pulsar_search/SMART_quick_look_detection/1266680784/1266680784_J0955-5304.prepfold.ps,,48.976,13.202,35.285771654954644,8.316936138872832,,,,,,,,
J0959-4809,1265983624,0.670085873648983,92.7,92.322,12.1,/astro/mwavcs/pulsar_search/SMART_quick_look_detection/1265983624/1265983624_J0959-4809.bestprof,/astro/mwavcs/pulsar_search/SMART_quick_look_detection/1265983624/1265983624_J0959-4809.prepfold.ps,,36.425,8.262,10.875846953093955,2.2200229629736103,,,,,,,,
J0959-4809,1266680784,0.670085873648983,92.7,92.460,0.0,/astro/mwavcs/pulsar_search/SMART_quick_look_detection/1266680784/1266680784_J0959-4809.bestprof,/astro/mwavcs/pulsar_search/SMART_quick_look_detection/1266680784/1266680784_J0959-4809.prepfold.ps,,109.69,8.371,19.036804725644593,1.3394249064473553,,,,,,,,
J1003-4747,1266680784,0.3070742192346082,98.49,98.559,10.2,/astro/mwavcs/pulsar_search/SMART_quick_look_detection/1266680784/1266680784_J1003-4747.bestprof,/astro/mwavcs/pulsar_search/SMART_quick_look_detection/1266680784/1266680784_J1003-4747.prepfold.ps,,29.047,6.653,17.63678432335817,3.600093524645416,,,,,,,,
J1012-2337,1265470568,2.517945020504389,22.51,21.946,8.2,/astro/mwavcs/pulsar_search/SMART_quick_look_detection/1265470568/1265470568_J1012-2337.bestprof,/astro/mwavcs/pulsar_search/SMART_quick_look_detection/1265470568/1265470568_J1012-2337.prepfold.ps,,15.708,6.534,8.265776578289266,2.613868061746717,,,,,,,,
J1012-2337,1268321832,2.517945020504389,22.51,22.693,0.0,/astro/mwavcs/pulsar_search/SMART_quick_look_detection/1268321832/1268321832_J1012-2337.bestprof,/astro/mwavcs/pulsar_search/SMART_quick_look_detection/1268321832/1268321832_J1012-2337.prepfold.ps,,38.917,4.975,14.30239705047097,1.0063131448469143,,,,,,,,
J1018-1642,1267283936,1.8046949457679968,48.82,48.878,34.1,/astro/mwavcs/pulsar_search/SMART_quick_look_detection/1267283936/1267283936_J1018-1642.bestprof,/astro/mwavcs/pulsar_search/SMART_quick_look_detection/1267283936/1267283936_J1018-1642.prepfold.ps,,23.476,4.158,13.116060850167958,0.9228428210711281,,,,,,,,
J1018-1642,1268321832,1.8046949457679968,48.82,48.826,12.4,/astro/mwavcs/pulsar_search/SMART_quick_look_detection/1268321832/1268321832_J1018-1642.bestprof,/astro/mwavcs/pulsar_search/SMART_quick_look_detection/1268321832/1268321832_J1018-1642.prepfold.ps,,16.065,5.436,13.107574455068661,2.6755724317047913,,,,,,,,
J1022+1001,1264867416,0.016452929958449262,10.2442,10.258,21.9,/astro/mwavcs/pulsar_search/SMART_quick_look_detection/1264867416/1264867416_J1022+1001.bestprof,/astro/mwavcs/pulsar_search/SMART_quick_look_detection/1264867416/1264867416_J1022+1001.prepfold.ps,,67.987,9.553,10.720113878157816,1.9572160633637412,,,,,,,,
J1034-3224,1268321832,1.1505904284171227,50.75,50.800,26.9,/astro/mwavcs/pulsar_search/SMART_quick_look_detection/1268321832/1268321832_J1034-3224.bestprof,/astro/mwavcs/pulsar_search/SMART_quick_look_detection/1268321832/1268321832_J1034-3224.prepfold.ps,,73.031,6.816,12.857153620081753,1.2857153620081754,,,,,,,,
J1041-1942,1268321832,1.3863680745875944,33.777,33.788,32.7,/astro/mwavcs/pulsar_search/SMART_quick_look_detection/1268321832/1268321832_J1041-1942.bestprof,/astro/mwavcs/pulsar_search/SMART_quick_look_detection/1268321832/1268321832_J1041-1942.prepfold.ps,,48.982,6.725,24.535944601855675,2.4535944601855677,,,,,,,,
J1057-5226,1266680784,0.19711468957450884,29.69,29.717,0.0,/astro/mwavcs/pulsar_search/SMART_quick_look_detection/1266680784/1266680784_J1057-5226.bestprof,/astro/mwavcs/pulsar_search/SMART_quick_look_detection/1266680784/1266680784_J1057-5226.prepfold.ps,,168.625,9.353,11.140582206450837,0.7838486287324787,,,,,,,,
J1057-5226,1267459328,0.19711468957450884,29.69,29.708,92.7,/astro/mwavcs/pulsar_search/SMART_quick_look_detection/1267459328/1267459328_J1057-5226.bestprof,/astro/mwavcs/pulsar_search/SMART_quick_look_detection/1267459328/1267459328_J1057-5226.prepfold.ps,,286.745,15.171,19.05255108091164,1.3405328161377899,,,,,,,,
J1059-5742,1267459328,1.1850026197912604,108.7,108.699,23.7,/astro/mwavcs/pulsar_search/SMART_quick_look_detection/1267459328/1267459328_J1059-5742.bestprof,/astro/mwavcs/pulsar_search/SMART_quick_look_detection/1267459328/1267459328_J1059-5742.prepfold.ps,,47.066,6.478,11.627431708067615,1.1627431708067617,,,,,,,,
J1059-5742,1301240224,1.1850026197912604,108.7,108.853,18.0,/astro/mwavcs/pulsar_search/SMART_quick_look_detection/1301240224/pf_1301240224_J1059-5742_10:59:00.88_-57:42:14.55_b128_1184.85ms_Cand.pfd.bestprof,/astro/mwavcs/pulsar_search/SMART_quick_look_detection/1301240224/pf_1301240224_J1059-5742_10:59:00.88_-57:42:14.55_b128_1184.85ms_Cand.pfd.png,/astro/mwavcs/vcs/1301240224/dpp/1301240224_J1059-5742/1301240224_J1059-5742_archive.ar,49.026,10.411,21.584042522669545,4.405824230589584,,,,,,,,
J1112-6926,1301240224,0.8204876424180775,148.4,148.493,25.8,/astro/mwavcs/pulsar_search/SMART_quick_look_detection/1301240224/pf_1301240224_J1112-6926_11:12:50.78_-69:26:32.33_b256_820.45ms_Cand.pfd.bestprof,/astro/mwavcs/pulsar_search/SMART_quick_look_detection/1301240224/pf_1301240224_J1112-6926_11:12:50.78_-69:26:32.33_b256_820.45ms_Cand.pfd.png,/astro/mwavcs/vcs/1301240224/dpp/1301240224_J1112-6926/1301240224_J1112-6926_archive.ar,37.452,7.677,21.47550843277374,3.0370955284486394,,,,,,,,
J1116-4122,1266680784,0.943157882843,40.53,40.750,10.9,/astro/mwavcs/pulsar_search/SMART_quick_look_detection/1266680784/1266680784_J1116-4122.bestprof,/astro/mwavcs/pulsar_search/SMART_quick_look_detection/1266680784/1266680784_J1116-4122.prepfold.ps,,101.519,44.543,10.84067556863628,2.555171735742016,,,,,,,,
J1116-4122,1267459328,0.943157882843,40.53,40.556,0.0,/astro/mwavcs/pulsar_search/SMART_quick_look_detection/1267459328/1267459328_J1116-4122.bestprof,/astro/mwavcs/pulsar_search/SMART_quick_look_detection/1267459328/1267459328_J1116-4122.prepfold.ps,,54.329,8.279,16.721557133473123,1.1765246543178987,,,,,,,,
J1121-5444,1267459328,0.5357865139154964,204.7,204.696,18.7,/astro/mwavcs/pulsar_search/SMART_quick_look_detection/1267459328/1267459328_J1121-5444.bestprof,/astro/mwavcs/pulsar_search/SMART_quick_look_detection/1267459328/1267459328_J1121-5444.prepfold.ps,,78.629,8.793,10.128503202860903,1.432386659602522,,,,,,,,
J1123-4844,1267459328,0.244838478401,92.915,93.587,7.3,/astro/mwavcs/pulsar_search/SMART_quick_look_detection/1267459328/1267459328_J1123-4844.bestprof,/astro/mwavcs/pulsar_search/SMART_quick_look_detection/1267459328/1267459328_J1123-4844.prepfold.ps,,16.214,5.386,6.155703900764849,1.2565277970444915,,,,,,,,
J1123-6651,1267459328,0.232976432603,111.196,111.231,8.3,/astro/mwavcs/pulsar_search/SMART_quick_look_detection/1267459328/1267459328_J1123-6651.bestprof,/astro/mwavcs/pulsar_search/SMART_quick_look_detection/1267459328/1267459328_J1123-6651.prepfold.ps,,28.645,6.482,9.969978750587282,2.0351133904441494,,,,,,,,
J1123-6651,1301240224,0.232976432603,111.196,111.193,20.3,/astro/mwavcs/pulsar_search/SMART_quick_look_detection/1301240224/pf_1301240224_J1123-6651_11:23:52.21_-66:51:49.07_b128_232.97ms_Cand.pfd.bestprof,/astro/mwavcs/pulsar_search/SMART_quick_look_detection/1301240224/pf_1301240224_J1123-6651_11:23:52.21_-66:51:49.07_b128_232.97ms_Cand.pfd.png,/astro/mwavcs/vcs/1301240224/dpp/1301240224_J1123-6651/1301240224_J1123-6651_archive.ar,40.275,8.111,11.320484176413517,2.3107841561220157,,,,,,,,
J1136+1551,1268063336,1.1879130659363586,4.84066,4.837,439.2,/astro/mwavcs/pulsar_search/SMART_quick_look_detection/1268063336/1268063336_J1136+1551_c1268063056_b1024.bestprof,/astro/mwavcs/pulsar_search/SMART_quick_look_detection/1268063336/1268063336_J1136+1551_c1268063056_b1024.prepfold.ps,/astro/mwavcs/vcs/1268063336/dpp/1268063336_J1136+1551/1268063336_J1136+1551_archive.ar,318.051,36.891,151.58371611577073,10.665393048014987,,,,,,,,
J1136-5525,1267459328,0.36471324916608333,85.111,85.143,15.8,/astro/mwavcs/pulsar_search/SMART_quick_look_detection/1267459328/1267459328_J1136-5525.bestprof,/astro/mwavcs/pulsar_search/SMART_quick_look_detection/1267459328/1267459328_J1136-5525.prepfold.ps,,33.8,6.08,7.383711456672872,1.0442144882676376,,,,,,,,
J1141-6545,1267459328,0.3938988148377834,116.08,116.195,11.9,/astro/mwavcs/pulsar_search/SMART_quick_look_detection/1267459328/1267459328_J1141-6545.bestprof,/astro/mwavcs/pulsar_search/SMART_quick_look_detection/1267459328/1267459328_J1141-6545.prepfold.ps,,22.79,6.304,10.927662943105542,2.230599857644072,,,,,,,,
J1141-6545,1301240224,0.3938988148377834,116.08,115.963,13.2,/astro/mwavcs/pulsar_search/SMART_quick_look_detection/1301240224/pf_1301240224_J1141-6545_11:41:07.01_-65:45:19.11_b128_PSR_J1141-6545.pfd.bestprof,/astro/mwavcs/pulsar_search/SMART_quick_look_detection/1301240224/pf_1301240224_J1141-6545_11:41:07.01_-65:45:19.11_b128_PSR_J1141-6545.pfd.png,/astro/mwavcs/vcs/1301240224/dpp/1301240224_J1141-6545/1301240224_J1141-6545_archive.ar,54.909,9.518,14.13952369008605,2.886218187225461,,,,,,,,
J1146-6030,1267459328,0.27337450864355883,111.68,111.679,12.7,/astro/mwavcs/pulsar_search/SMART_quick_look_detection/1267459328/1267459328_J1146-6030.bestprof,/astro/mwavcs/pulsar_search/SMART_quick_look_detection/1267459328/1267459328_J1146-6030.prepfold.ps,,24.112,6.143,9.443189167448653,1.927582917068891,,,,,,,,
J1202-5820,1267459328,0.45280309753690035,145.41,145.787,31.8,/astro/mwavcs/pulsar_search/SMART_quick_look_detection/1267459328/1267459328_J1202-5820.bestprof,/astro/mwavcs/pulsar_search/SMART_quick_look_detection/1267459328/1267459328_J1202-5820.prepfold.ps,,119.269,8.057,12.753748070352747,0.8973505828408891,,,,,,,,
J1202-5820,1301240224,0.45280309753690035,145.41,145.912,28.1,/astro/mwavcs/pulsar_search/SMART_quick_look_detection/1301240224/pf_1301240224_J1202-5820_12:02:28.32_-58:20:33.64_b256_452.79ms_Cand.pfd.bestprof,/astro/mwavcs/pulsar_search/SMART_quick_look_detection/1301240224/pf_1301240224_J1202-5820_12:02:28.32_-58:20:33.64_b256_452.79ms_Cand.pfd.png,/astro/mwavcs/vcs/1301240224/dpp/1301240224_J1202-5820/1301240224_J1202-5820_archive.ar,88.371,10.662,13.882152880178822,1.9632328878085614,,,,,,,,
J1224-6407,1267459328,0.21647979787011593,97.686,97.806,29.1,/astro/mwavcs/pulsar_search/SMART_quick_look_detection/1267459328/1267459328_J1224-6407.bestprof,/astro/mwavcs/pulsar_search/SMART_quick_look_detection/1267459328/1267459328_J1224-6407.prepfold.ps,,54.261,7.052,13.001902660253918,1.300190266025392,,,,,,,,
J1224-6407,1301240224,0.21647979787011593,97.686,97.775,49.9,/astro/mwavcs/pulsar_search/SMART_quick_look_detection/1301240224/pf_1301240224_J1224-6407_12:24:22.25_-64:07:53.87_b512_216.47ms_Cand.pfd.bestprof,/astro/mwavcs/pulsar_search/SMART_quick_look_detection/1301240224/pf_1301240224_J1224-6407_12:24:22.25_-64:07:53.87_b512_216.47ms_Cand.pfd.png,/astro/mwavcs/vcs/1301240224/dpp/1301240224_J1224-6407/1301240224_J1224-6407_archive.ar,88.983,9.4,18.149127985895305,1.8149127985895306,,,,,,,,
J1225-5556,1267459328,1.018452868182,125.835,125.612,12.6,/astro/mwavcs/pulsar_search/SMART_quick_look_detection/1267459328/1267459328_J1225-5556.bestprof,/astro/mwavcs/pulsar_search/SMART_quick_look_detection/1267459328/1267459328_J1225-5556.prepfold.ps,,14.763,5.589,11.91327804967317,2.431787698799868,,,,,,,,
J1239-6832,1301240224,1.3019225299692834,94.3,93.950,28.6,/astro/mwavcs/pulsar_search/SMART_quick_look_detection/1301240224/pf_1301240224_J1239-6832_12:39:58.96_-68:32:28.94_b256_1301.82ms_Cand.pfd.bestprof,/astro/mwavcs/pulsar_search/SMART_quick_look_detection/1301240224/pf_1301240224_J1239-6832_12:39:58.96_-68:32:28.94_b256_1301.82ms_Cand.pfd.png,/astro/mwavcs/vcs/1301240224/dpp/1301240224_J1239-6832/1301240224_J1239-6832_archive.ar,25.543,6.692,20.75922226325057,2.935797366900646,,,,,,,,
J1240-4124,1267459328,0.51224209318,44.1,43.279,15.7,/astro/mwavcs/pulsar_search/SMART_quick_look_detection/1267459328/1267459328_J1240-4124.bestprof,/astro/mwavcs/pulsar_search/SMART_quick_look_detection/1267459328/1267459328_J1240-4124.prepfold.ps,,21.199,7.842,17.846471088644087,2.5238721454059805,,,,,,,,
J1240-4124,1301412552,0.51224209318,44.1,43.304,25.2,/astro/mwavcs/pulsar_search/SMART_quick_look_detection/1301412552/pf_1301412552_J1240-4124_12:40:17.61_-41:24:51.70_b256_512.22ms_Cand.pfd.bestprof,/astro/mwavcs/pulsar_search/SMART_quick_look_detection/1301412552/pf_1301412552_J1240-4124_12:40:17.61_-41:24:51.70_b256_512.22ms_Cand.pfd.png,/astro/mwavcs/vcs/1301412552/dpp/1301412552_J1240-4124/1301412552_J1240-4124_archive.ar,34.183,9.162,22.19376137618854,3.1386718338277997,,,,,,,,
J1257-1027,1300809400,0.6173076699954868,29.634,29.663,15.3,/astro/mwavcs/pulsar_search/SMART_quick_look_detection/1300809400/pf_1300809400_J1257-1027_12:57:04.76_-10:27:05.55_b128_617.28ms_Cand.pfd.bestprof,/astro/mwavcs/pulsar_search/SMART_quick_look_detection/1300809400/pf_1300809400_J1257-1027_12:57:04.76_-10:27:05.55_b128_617.28ms_Cand.pfd.png,/astro/mwavcs/vcs/1300809400/dpp/1300809400_J1257-1027/1300809400_J1257-1027_archive.ar,29.214,9.212,18.010067426886298,3.6762896190826178,,,,,,,,
J1300+1240,1300981728,0.00621853194840048,10.1655,10.153,23.0,/astro/mwavcs/pulsar_search/SMART_quick_look_detection/1300981728/pf_1300981728_J1300+1240_13:00:03.57_+12:40:56.47_b50_PSR_J1300+1240.pfd.bestprof,/astro/mwavcs/pulsar_search/SMART_quick_look_detection/1300981728/pf_1300981728_J1300+1240_13:00:03.57_+12:40:56.47_b50_PSR_J1300+1240.pfd.png,/astro/mwavcs/vcs/1300981728/dpp/1300981728_J1300+1240/1300981728_J1300+1240_archive.ar,43.259,10.288,5.351754183476615,23.435975794595944,,,,,,,,
J1300+1240,1301847296,0.00621853194840048,10.1655,10.155,16.8,/astro/mwavcs/pulsar_search/SMART_quick_look_detection/1301847296/pf_1301847296_J1300+1240_13:00:03.57_+12:40:56.47_b50_PSR_J1300+1240.pfd.bestprof,/astro/mwavcs/pulsar_search/SMART_quick_look_detection/1301847296/pf_1301847296_J1300+1240_13:00:03.57_+12:40:56.47_b50_PSR_J1300+1240.pfd.png,/astro/mwavcs/vcs/1301847296/dpp/1301847296_J1300+1240/1301847296_J1300+1240_archive.ar,33.576,8.787,9.42391642259073,26.675868640623968,,,,,,,,
J1311-1228,1300809400,0.4475177112318076,36.214,36.238,71.7,/astro/mwavcs/pulsar_search/SMART_quick_look_detection/1300809400/pf_1300809400_J1311-1228_13:11:52.64_-12:28:01.63_b1024_447.50ms_Cand.pfd.bestprof,/astro/mwavcs/pulsar_search/SMART_quick_look_detection/1300809400/pf_1300809400_J1311-1228_13:11:52.64_-12:28:01.63_b1024_447.50ms_Cand.pfd.png,/astro/mwavcs/vcs/1300809400/dpp/1300809400_J1311-1228/1300809400_J1311-1228_archive.ar,101.528,12.77,33.72263088048869,2.372716028935776,,,,,,,,
J1311-1228,1301674968,0.4475177112318076,36.214,36.284,16.8,/astro/mwavcs/pulsar_search/SMART_quick_look_detection/1301674968/pf_1301674968_J1311-1228_13:11:52.64_-12:28:01.63_b128_447.52ms_Cand.pfd.bestprof,/astro/mwavcs/pulsar_search/SMART_quick_look_detection/1301674968/pf_1301674968_J1311-1228_13:11:52.64_-12:28:01.63_b128_447.52ms_Cand.pfd.png,/astro/mwavcs/vcs/1301674968/dpp/1301674968_J1311-1228/1301674968_J1311-1228_archive.ar,22.41,7.655,17.475543352117995,3.567180349214649,,,,,,,,
J1311-1228,1301847296,0.4475177112318076,36.214,36.247,33.7,/astro/mwavcs/pulsar_search/SMART_quick_look_detection/1301847296/pf_1301847296_J1311-1228_13:11:52.64_-12:28:01.63_b512_447.51ms_Cand.pfd.bestprof,/astro/mwavcs/pulsar_search/SMART_quick_look_detection/1301847296/pf_1301847296_J1311-1228_13:11:52.64_-12:28:01.63_b512_447.51ms_Cand.pfd.png,/astro/mwavcs/vcs/1301847296/dpp/1301847296_J1311-1228/1301847296_J1311-1228_archive.ar,50.821,9.221,26.078470509251133,2.6078470509251135,,,,,,,,
J1312-5402,1267459328,0.7281543942054414,133.0,135.914,7.9,/astro/mwavcs/pulsar_search/SMART_quick_look_detection/1267459328/1267459328_J1312-5402.bestprof,/astro/mwavcs/pulsar_search/SMART_quick_look_detection/1267459328/1267459328_J1312-5402.prepfold.ps,,25.864,6.06,8.450121033174923,1.7248737330031974,,,,,,,,
J1313+0931,1300981728,0.84893275073,12.040623,12.076,17.4,/astro/mwavcs/pulsar_search/SMART_quick_look_detection/1300981728/pf_1300981728_J1313+0931_13:13:23.00_+09:31:56.00_b128_848.89ms_Cand.pfd.bestprof,/astro/mwavcs/pulsar_search/SMART_quick_look_detection/1300981728/pf_1300981728_J1313+0931_13:13:23.00_+09:31:56.00_b128_848.89ms_Cand.pfd.png,/astro/mwavcs/vcs/1300981728/dpp/1300981728_J1313+0931/1300981728_J1313+0931_archive.ar,28.798,9.256,21.45982003332943,4.380467421134449,,,,,,,,
J1313+0931,1301847296,0.84893275073,12.040623,12.047,30.7,/astro/mwavcs/pulsar_search/SMART_quick_look_detection/1301847296/pf_1301847296_J1313+0931_13:13:23.00_+09:31:56.00_b512_848.91ms_Cand.pfd.bestprof,/astro/mwavcs/pulsar_search/SMART_quick_look_detection/1301847296/pf_1301847296_J1313+0931_13:13:23.00_+09:31:56.00_b512_848.91ms_Cand.pfd.png,/astro/mwavcs/vcs/1301847296/dpp/1301847296_J1313+0931/1301847296_J1313+0931_archive.ar,36.788,7.902,23.3214045675566,2.33214045675566,,,,,,,,
J1320-5359,1267459328,0.27973768328216575,97.1,97.346,33.9,/astro/mwavcs/pulsar_search/SMART_quick_look_detection/1267459328/1267459328_J1320-5359.bestprof,/astro/mwavcs/pulsar_search/SMART_quick_look_detection/1267459328/1267459328_J1320-5359.prepfold.ps,,64.7,6.619,13.164922442542837,0.9262807107137857,,,,,,,,
J1320-5359,1301412552,0.27973768328216575,97.1,97.318,12.8,/astro/mwavcs/pulsar_search/SMART_quick_look_detection/1301412552/pf_1301412552_J1320-5359_13:20:53.92_-53:59:05.00_b128_279.74ms_Cand.pfd.bestprof,/astro/mwavcs/pulsar_search/SMART_quick_look_detection/1301412552/pf_1301412552_J1320-5359_13:20:53.92_-53:59:05.00_b128_279.74ms_Cand.pfd.png,/astro/mwavcs/vcs/1301412552/dpp/1301412552_J1320-5359/1301412552_J1320-5359_archive.ar,36.124,9.035,10.704219508888958,2.1849896576269243,,,,,,,,
J1328-4357,1301412552,0.53269880337,42.0,41.307,29.5,/astro/mwavcs/pulsar_search/SMART_quick_look_detection/1301412552/pf_1301412552_J1328-4357_13:28:06.43_-43:57:44.12_b512_532.69ms_Cand.pfd.bestprof,/astro/mwavcs/pulsar_search/SMART_quick_look_detection/1301412552/pf_1301412552_J1328-4357_13:28:06.43_-43:57:44.12_b512_532.69ms_Cand.pfd.png,/astro/mwavcs/vcs/1301412552/dpp/1301412552_J1328-4357/1301412552_J1328-4357_archive.ar,54.906,9.26,20.626952962359734,2.0626952962359733,,,,,,,,
J1332-3032,1301674968,0.6504344906472496,15.1,14.707,21.6,/astro/mwavcs/pulsar_search/SMART_quick_look_detection/1301674968/pf_1301674968_J1332-3032_13:32:52.48_-30:32:17.30_b256_650.43ms_Cand.pfd.bestprof,/astro/mwavcs/pulsar_search/SMART_quick_look_detection/1301674968/pf_1301674968_J1332-3032_13:32:52.48_-30:32:17.30_b256_650.43ms_Cand.pfd.png,/astro/mwavcs/vcs/1301674968/dpp/1301674968_J1332-3032/1301674968_J1332-3032_archive.ar,50.829,8.518,12.128843217576065,1.7152774574192997,,,,,,,,
J1335-3642,1301412552,0.399192,41.82,41.859,21.9,/astro/mwavcs/pulsar_search/SMART_quick_look_detection/1301412552/pf_1301412552_J1335-3642_13:35:36.00_-36:42:00.00_b256_399.17ms_Cand.pfd.bestprof,/astro/mwavcs/pulsar_search/SMART_quick_look_detection/1301412552/pf_1301412552_J1335-3642_13:35:36.00_-36:42:00.00_b256_399.17ms_Cand.pfd.png,/astro/mwavcs/vcs/1301412552/dpp/1301412552_J1335-3642/1301412552_J1335-3642_archive.ar,48.87,8.887,13.18811579067462,1.865081221331882,,,,,,,,
J1340-6456,1301240224,0.37862206628,76.99,76.710,16.0,/astro/mwavcs/pulsar_search/SMART_quick_look_detection/1301240224/pf_1301240224_J1340-6456_13:40:00.32_-64:56:42.90_b128_378.61ms_Cand.pfd.bestprof,/astro/mwavcs/pulsar_search/SMART_quick_look_detection/1301240224/pf_1301240224_J1340-6456_13:40:00.32_-64:56:42.90_b128_378.61ms_Cand.pfd.png,/astro/mwavcs/vcs/1301240224/dpp/1301240224_J1340-6456/1301240224_J1340-6456_archive.ar,23.612,6.549,12.064478170680925,2.462651294259541,,,,,,,,
J1355-5153,1301412552,0.6443045081669496,112.1,111.483,59.8,/astro/mwavcs/pulsar_search/SMART_quick_look_detection/1301412552/pf_1301412552_J1355-5153_13:55:58.69_-51:53:53.95_b512_644.26ms_Cand.pfd.bestprof,/astro/mwavcs/pulsar_search/SMART_quick_look_detection/1301412552/pf_1301412552_J1355-5153_13:55:58.69_-51:53:53.95_b512_644.26ms_Cand.pfd.png,/astro/mwavcs/vcs/1301412552/dpp/1301412552_J1355-5153/1301412552_J1355-5153_archive.ar,84.533,12.62,27.64595694808148,2.764595694808148,,,,,,,,
J1355-5153,1302106648,0.6443045081669496,112.1,111.500,71.5,/astro/mwavcs/pulsar_search/SMART_quick_look_detection/1302106648/pf_1302106648_J1355-5153_13:55:58.69_-51:53:53.95_b1024_644.26ms_Cand.pfd.bestprof,/astro/mwavcs/pulsar_search/SMART_quick_look_detection/1302106648/pf_1302106648_J1355-5153_13:55:58.69_-51:53:53.95_b1024_644.26ms_Cand.pfd.png,/astro/mwavcs/vcs/1302106648/dpp/1302106648_J1355-5153/1302106648_J1355-5153_archive.ar,146.325,16.308,28.695220472578622,2.0189886670000723,,,,,,,,
J1418-3921,1301412552,1.0968060034,60.49,60.215,42.4,/astro/mwavcs/pulsar_search/SMART_quick_look_detection/1301412552/pf_1301412552_J1418-3921_14:18:50.28_-39:21:18.51_b512_1096.70ms_Cand.pfd.bestprof,/astro/mwavcs/pulsar_search/SMART_quick_look_detection/1301412552/pf_1301412552_J1418-3921_14:18:50.28_-39:21:18.51_b512_1096.70ms_Cand.pfd.png,/astro/mwavcs/vcs/1301412552/dpp/1301412552_J1418-3921/1301412552_J1418-3921_archive.ar,64.287,9.965,19.09029512914865,1.909029512914865,,,,,,,,
J1418-3921,1301674968,1.0968060034,60.49,60.184,15.1,/astro/mwavcs/pulsar_search/SMART_quick_look_detection/1301674968/pf_1301674968_J1418-3921_14:18:50.28_-39:21:18.51_b128_1096.83ms_Cand.pfd.bestprof,/astro/mwavcs/pulsar_search/SMART_quick_look_detection/1301674968/pf_1301674968_J1418-3921_14:18:50.28_-39:21:18.51_b128_1096.83ms_Cand.pfd.png,/astro/mwavcs/vcs/1301674968/dpp/1301674968_J1418-3921/1301674968_J1418-3921_archive.ar,28.881,8.359,17.733733920773172,3.6198832783483335,,,,,,,,
J1418-3921,1302106648,1.0968060034,60.49,60.315,22.6,/astro/mwavcs/pulsar_search/SMART_quick_look_detection/1302106648/pf_1302106648_J1418-3921_14:18:50.28_-39:21:18.51_b256_1096.71ms_Cand.pfd.bestprof,/astro/mwavcs/pulsar_search/SMART_quick_look_detection/1302106648/pf_1302106648_J1418-3921_14:18:50.28_-39:21:18.51_b256_1096.71ms_Cand.pfd.png,/astro/mwavcs/vcs/1302106648/dpp/1302106648_J1418-3921/1302106648_J1418-3921_archive.ar,53.151,11.527,17.330897835314094,2.4509590766803706,,,,,,,,
J1418-3921,1302282040,1.0968060034,60.49,60.204,21.3,/astro/mwavcs/pulsar_search/SMART_quick_look_detection/1302282040/pf_1302282040_J1418-3921_14:18:50.28_-39:21:18.51_b256_1096.72ms_Cand.pfd.bestprof,/astro/mwavcs/pulsar_search/SMART_quick_look_detection/1302282040/pf_1302282040_J1418-3921_14:18:50.28_-39:21:18.51_b256_1096.72ms_Cand.pfd.png,/astro/mwavcs/vcs/1302282040/dpp/1302282040_J1418-3921/1302282040_J1418-3921_archive.ar,54.966,12.511,15.257168712546491,2.1576894916697698,,,,,,,,
J1430-6623,1301240224,0.7854433453623382,65.102,65.073,50.0,/astro/mwavcs/pulsar_search/SMART_quick_look_detection/1301240224/pf_1301240224_J1430-6623_14:30:40.73_-66:23:05.55_b512_785.38ms_Cand.pfd.bestprof,/astro/mwavcs/pulsar_search/SMART_quick_look_detection/1301240224/pf_1301240224_J1430-6623_14:30:40.73_-66:23:05.55_b512_785.38ms_Cand.pfd.png,/astro/mwavcs/vcs/1301240224/dpp/1301240224_J1430-6623/1301240224_J1430-6623_archive.ar,44.903,8.6,35.10688396276143,3.510688396276143,,,,,,,,
J1430-6623,1302106648,0.7854433453623382,65.102,65.081,61.0,/astro/mwavcs/pulsar_search/SMART_quick_look_detection/1302106648/pf_1302106648_J1430-6623_14:30:40.73_-66:23:05.55_b1024_785.38ms_Cand.pfd.bestprof,/astro/mwavcs/pulsar_search/SMART_quick_look_detection/1302106648/pf_1302106648_J1430-6623_14:30:40.73_-66:23:05.55_b1024_785.38ms_Cand.pfd.png,/astro/mwavcs/vcs/1302106648/dpp/1302106648_J1430-6623/1302106648_J1430-6623_archive.ar,111.522,15.184,34.731554941172874,2.443703678127447,,,,,,,,
J1440-6344,1302106648,0.45960672390058893,124.2,123.914,20.8,/astro/mwavcs/pulsar_search/SMART_quick_look_detection/1302106648/pf_1302106648_J1440-6344_14:40:31.26_-63:44:48.40_b256_459.58ms_Cand.pfd.bestprof,/astro/mwavcs/pulsar_search/SMART_quick_look_detection/1302106648/pf_1302106648_J1440-6344_14:40:31.26_-63:44:48.40_b256_459.58ms_Cand.pfd.png,/astro/mwavcs/vcs/1302106648/dpp/1302106648_J1440-6344/1302106648_J1440-6344_archive.ar,60.005,12.339,17.704430965469562,2.5037846385465246,,,,,,,,
J1453-6413,1302106648,0.17948680442303885,71.248,71.072,422.0,/astro/mwavcs/pulsar_search/SMART_quick_look_detection/1302106648/pf_1302106648_J1453-6413_14:53:32.66_-64:13:16.00_b1024_179.48ms_Cand.pfd.bestprof,/astro/mwavcs/pulsar_search/SMART_quick_look_detection/1302106648/pf_1302106648_J1453-6413_14:53:32.66_-64:13:16.00_b1024_179.48ms_Cand.pfd.png,/astro/mwavcs/vcs/1302106648/dpp/1302106648_J1453-6413/1302106648_J1453-6413_archive.ar,589.86,63.857,110.03962262462191,7.742360830173186,,,,,,,,
J1455-3330,1302282040,0.007987204806683728,13.569773,13.570,16.7,/astro/mwavcs/pulsar_search/SMART_quick_look_detection/1302282040/pf_1302282040_J1455-3330_14:55:47.96_-33:30:46.39_b50_PSR_J1455-3330.pfd.bestprof,/astro/mwavcs/pulsar_search/SMART_quick_look_detection/1302282040/pf_1302282040_J1455-3330_14:55:47.96_-33:30:46.39_b50_PSR_J1455-3330.pfd.png,/astro/mwavcs/vcs/1302282040/dpp/1302282040_J1455-3330/1302282040_J1455-3330_archive.ar,58.035,14.42,7.789890938964517,30.033148642865168,,,,,,,,
J1456-6843,1301240224,0.26337690718181694,8.613,8.620,146.2,/astro/mwavcs/pulsar_search/SMART_quick_look_detection/1301240224/pf_1301240224_J1456-6843_14:55:59.92_-68:43:39.50_b1024_263.36ms_Cand.pfd.bestprof,/astro/mwavcs/pulsar_search/SMART_quick_look_detection/1301240224/pf_1301240224_J1456-6843_14:55:59.92_-68:43:39.50_b1024_263.36ms_Cand.pfd.png,/astro/mwavcs/vcs/1301240224/dpp/1301240224_J1456-6843/1301240224_J1456-6843_archive.ar,236.497,20.05,53.702543653384325,3.778497786029253,,,,,,,,
J1456-6843,1302106648,0.26337690718181694,8.613,8.620,179.5,/astro/mwavcs/pulsar_search/SMART_quick_look_detection/1302106648/pf_1302106648_J1456-6843_14:55:59.92_-68:43:39.50_b1024_263.36ms_Cand.pfd.bestprof,/astro/mwavcs/pulsar_search/SMART_quick_look_detection/1302106648/pf_1302106648_J1456-6843_14:55:59.92_-68:43:39.50_b1024_263.36ms_Cand.pfd.png,/astro/mwavcs/vcs/1302106648/dpp/1302106648_J1456-6843/1302106648_J1456-6843_archive.ar,432.523,35.617,51.117356718654634,3.596604668034789,,,,,,,,
J1507-4352,1302282040,0.286758499837462,48.7,49.157,66.0,/astro/mwavcs/pulsar_search/SMART_quick_look_detection/1302282040/pf_1302282040_J1507-4352_15:07:34.17_-43:52:04.05_b1024_286.74ms_Cand.pfd.bestprof,/astro/mwavcs/pulsar_search/SMART_quick_look_detection/1302282040/pf_1302282040_J1507-4352_15:07:34.17_-43:52:04.05_b1024_286.74ms_Cand.pfd.png,/astro/mwavcs/vcs/1302282040/dpp/1302282040_J1507-4352/1302282040_J1507-4352_archive.ar,124.452,15.705,25.07853237909772,1.7645193807372281,,,,,,,,
J1510-4422,1302282040,0.9438712975,84.0,84.225,12.8,/astro/mwavcs/pulsar_search/SMART_quick_look_detection/1302282040/pf_1302282040_J1510-4422_15:10:48.90_-44:22:07.00_b128_943.78ms_Cand.pfd.bestprof,/astro/mwavcs/pulsar_search/SMART_quick_look_detection/1302282040/pf_1302282040_J1510-4422_15:10:48.90_-44:22:07.00_b128_943.78ms_Cand.pfd.png,/astro/mwavcs/vcs/1302282040/dpp/1302282040_J1510-4422/1302282040_J1510-4422_archive.ar,50.992,12.521,13.181447398295996,2.690651683096838,,,,,,,,
J1527-3931,1302282040,2.417605394365937,48.8,48.775,23.9,/astro/mwavcs/pulsar_search/SMART_quick_look_detection/1302282040/pf_1302282040_J1527-3931_15:27:58.82_-39:31:34.20_b100_2417.61ms_Cand.pfd.bestprof,/astro/mwavcs/pulsar_search/SMART_quick_look_detection/1302282040/pf_1302282040_J1527-3931_15:27:58.82_-39:31:34.20_b100_2417.61ms_Cand.pfd.png,/astro/mwavcs/vcs/1302282040/dpp/1302282040_J1527-3931/1302282040_J1527-3931_archive.ar,30.698,12.693,23.9778802779484,5.6516405810054975,,,,,,,,
J1534-5334,1302106648,1.3688822425450322,24.82,24.705,68.8,/astro/mwavcs/pulsar_search/SMART_quick_look_detection/1302106648/pf_1302106648_J1534-5334_15:34:08.27_-53:34:19.66_b1024_1368.72ms_Cand.pfd.bestprof,/astro/mwavcs/pulsar_search/SMART_quick_look_detection/1302106648/pf_1302106648_J1534-5334_15:34:08.27_-53:34:19.66_b1024_1368.72ms_Cand.pfd.png,/astro/mwavcs/vcs/1302106648/dpp/1302106648_J1534-5334/1302106648_J1534-5334_archive.ar,131.96,16.184,36.27452407085019,2.5522666072510067,,,,,,,,
J1534-5334,1302282040,1.3688822425450322,24.82,24.679,39.7,/astro/mwavcs/pulsar_search/SMART_quick_look_detection/1302282040/pf_1302282040_J1534-5334_15:34:08.27_-53:34:19.66_b512_1368.73ms_Cand.pfd.bestprof,/astro/mwavcs/pulsar_search/SMART_quick_look_detection/1302282040/pf_1302282040_J1534-5334_15:34:08.27_-53:34:19.66_b512_1368.73ms_Cand.pfd.png,/astro/mwavcs/vcs/1302282040/dpp/1302282040_J1534-5334/1302282040_J1534-5334_archive.ar,94.908,16.519,30.518756371599167,3.0518756371599167,,,,,,,,
J1536-4948,1302282040,0.0030799140584053327,38.00125,38.011,4.4,/astro/mwavcs/pulsar_search/SMART_quick_look_detection/1302282040/pf_1302282040_J1536-4948_15:36:00.00_-49:48:00.00_b31_3.08ms_Cand.pfd.bestprof,/astro/mwavcs/pulsar_search/SMART_quick_look_detection/1302282040/pf_1302282040_J1536-4948_15:36:00.00_-49:48:00.00_b31_3.08ms_Cand.pfd.png,/astro/mwavcs/vcs/1302282040/dpp/1302282040_J1536-4948/1302282040_J1536-4948_archive.ar,13.263,12.202,8.679942314061243,19.316978057665136,,,,,,,,
J1543+0929,1302540536,0.7484484162291084,34.9758,34.966,134.4,/astro/mwavcs/pulsar_search/SMART_quick_look_detection/1302540536/pf_1302540536_J1543+0929_15:43:38.82_+09:29:16.33_b1024_748.40ms_Cand.pfd.bestprof,/astro/mwavcs/pulsar_search/SMART_quick_look_detection/1302540536/pf_1302540536_J1543+0929_15:43:38.82_+09:29:16.33_b1024_748.40ms_Cand.pfd.png,/astro/mwavcs/vcs/1302540536/dpp/1302540536_J1543+0929/1302540536_J1543+0929_archive.ar,426.157,27.803,26.471365134694942,1.8625187514430412,,,,,,,,
J1543-0620,1302712864,0.7090640697858092,18.3,18.371,208.5,/astro/mwavcs/pulsar_search/SMART_quick_look_detection/1302712864/pf_1302712864_J1543-0620_15:43:30.13_-06:20:45.33_b1024_709.01ms_Cand.pfd.bestprof,/astro/mwavcs/pulsar_search/SMART_quick_look_detection/1302712864/pf_1302712864_J1543-0620_15:43:30.13_-06:20:45.33_b1024_709.01ms_Cand.pfd.png,/astro/mwavcs/vcs/1302712864/dpp/1302712864_J1543-0620/1302712864_J1543-0620_archive.ar,269.464,34.856,68.96454928247358,4.852328754857963,,,,,,,,
J2048-1616,1222435400,1.9615723036126127,11.456,11.513,53.7,/astro/mwavcs/pulsar_search/SMART_quick_look_detection/1222435400/pf_1222435400_J2048-1616_20:48:35.64_-16:16:44.55_b512_1961.61ms_Cand.pfd.bestprof,/astro/mwavcs/pulsar_search/SMART_quick_look_detection/1222435400/pf_1222435400_J2048-1616_20:48:35.64_-16:16:44.55_b512_1961.61ms_Cand.pfd.png,/astro/mwavcs/vcs/1222435400/dpp/1222435400_J2048-1616/1222435400_J2048-1616_archive.ar,69.158,9.944,32.13553582161542,3.213553582161542,,,,,,,,
J2108-3429,1222435400,1.4231018383,30.22,29.757,6.9,/astro/mwavcs/pulsar_search/SMART_quick_look_detection/1222435400/pf_1222435400_J2108-3429_21:08:30.49_-34:29:37.90_b100_1423.10ms_Cand.pfd.bestprof,/astro/mwavcs/pulsar_search/SMART_quick_look_detection/1222435400/pf_1222435400_J2108-3429_21:08:30.49_-34:29:37.90_b100_1423.10ms_Cand.pfd.png,/astro/mwavcs/vcs/1222435400/dpp/1222435400_J2108-3429/1222435400_J2108-3429_archive.ar,12.629,5.179,7.473033970419934,1.7614109988404552,,,,,,,,
J2145-0750,1221832280,0.016052423921072694,9.00425,9.007,144.9,/astro/mwavcs/vcs/1221832280/dpp/1221832280_J2145-0750/pf_1221832280_J2145-0750_21:45:50.45_-07:50:18.49_b161_PSR_J2145-0750.pfd.bestprof,/astro/mwavcs/vcs/1221832280/dpp/1221832280_J2145-0750/pf_1221832280_J2145-0750_21:45:50.45_-07:50:18.49_b161_PSR_J2145-0750.pfd.png,/astro/mwavcs/vcs/1221832280/dpp/1221832280_J2145-0750/1221832280_J2145-0750_archive.ar,775.89,140.644,56.36599371353837,13.285592127720431,,,,,,,,
J2145-0750,1222697776,0.016052423921072694,9.00425,9.008,24.6,/astro/mwavcs/pulsar_search/SMART_quick_look_detection/1222697776/pf_1222697776_J2145-0750_21:45:50.45_-07:50:18.51_b161_PSR_J2145-0750.pfd.bestprof,/astro/mwavcs/pulsar_search/SMART_quick_look_detection/1222697776/pf_1222697776_J2145-0750_21:45:50.45_-07:50:18.51_b161_PSR_J2145-0750.pfd.png,/astro/mwavcs/vcs/1222697776/dpp/1222697776_J2145-0750/1222697776_J2145-0750_archive.ar,61.131,11.079,9.230806363981019,1.6853069565048822,,,,,,,,
J2155-3118,1222435400,1.03000211203956,14.85,14.855,277.8,/astro/mwavcs/pulsar_search/SMART_quick_look_detection/1222435400/pf_1222435400_J2155-3118_21:55:13.61_-31:18:54.66_b1024_1030.04ms_Cand.pfd.bestprof,/astro/mwavcs/pulsar_search/SMART_quick_look_detection/1222435400/pf_1222435400_J2155-3118_21:55:13.61_-31:18:54.66_b1024_1030.04ms_Cand.pfd.png,/astro/mwavcs/vcs/1222435400/dpp/1222435400_J2155-3118/1222435400_J2155-3118_archive.ar,222.818,28.221,109.88956903446471,7.731803096411928,,,,,,,,
J2222-0137,1221832280,0.032817859064378854,3.2826,3.270,15.0,/astro/mwavcs/pulsar_search/SMART_quick_look_detection/1221832280/pf_1221832280_J2222-0137_22:22:05.96_-01:37:15.72_b164_PSR_J2222-0137.pfd.bestprof,/astro/mwavcs/pulsar_search/SMART_quick_look_detection/1221832280/pf_1221832280_J2222-0137_22:22:05.96_-01:37:15.72_b164_PSR_J2222-0137.pfd.png,/astro/mwavcs/vcs/1221832280/dpp/1221832280_J2222-0137/1221832280_J2222-0137_archive.ar,31.015,6.741,13.251351503308864,2.419354711930753,,,,,,,,
J2234+2114,1223042480,1.35874531269,35.08,35.206,6.9,/astro/mwavcs/vcs/1223042480/dpp/1223042480_J2234+2114/pf_1223042480_J2234+2114_22:34:56.64_+21:14:18.80_b100_1358.75ms_Cand.pfd.bestprof,/astro/mwavcs/vcs/1223042480/dpp/1223042480_J2234+2114/pf_1223042480_J2234+2114_22:34:56.64_+21:14:18.80_b100_1358.75ms_Cand.pfd.png,,8.917,7.312,5.198629746677629,1.225328782251285,,,,,,,,
J2241-5236,1221399680,0.0021866997725548446,11.40964,11.411,13.0,/astro/mwavcs/pulsar_search/SMART_quick_look_detection/1221399680/1221399680_J2241-5236.bestprof,/astro/mwavcs/pulsar_search/SMART_quick_look_detection/1221399680/1221399680_J2241-5236_c1221342176_b22.prepfold.ps,,50.082,12.537,5.023323602449554,21.202211500587392,,,,,,,,
J2241-5236,1225713560,0.0021866997725548446,11.40964,11.414,25.6,/astro/mwavcs/pulsar_search/SMART_quick_look_detection/1225713560/pf_1225713560_J2241-5236_22:41:42.01_-52:36:36.22_b22_PSR_J2241-5236.pfd.bestprof,/astro/mwavcs/pulsar_search/SMART_quick_look_detection/1225713560/pf_1225713560_J2241-5236_22:41:42.01_-52:36:36.22_b22_PSR_J2241-5236.pfd.png,/astro/mwavcs/vcs/1225713560/dpp/1225713560_J2241-5236/1225713560_J2241-5236_archive.ar,68.485,21.437,4.022285752595778,25.45051810654286,,,,,,,,
J2241-5236,1224252736,0.0021866997725548446,11.40964,11.413,50.0,/astro/mwavcs/vcs/1224252736/dpp/1224252736_J2241-5236/pf_1224252736_J2241-5236_22:41:42.01_-52:36:36.22_b22_PSR_J2241-5236.pfd.bestprof,/astro/mwavcs/vcs/1224252736/dpp/1224252736_J2241-5236/pf_1224252736_J2241-5236_22:41:42.01_-52:36:36.22_b22_PSR_J2241-5236.pfd.png,/astro/mwavcs/vcs/1224252736/dpp/1224252736_J2241-5236/1224252736_J2241-5236_archive.ar,704.586,37.357,27.9048657988437,1.9633795062094725,,,,,,,,
J2248-0101,1221832280,0.4772331191229628,29.05,34.796,6.4,/astro/mwavcs/pulsar_search/SMART_quick_look_detection/1221832280/pf_1221832280_J2248-0101_22:48:26.88_-01:01:48.08_b100_477.23ms_Cand.pfd.bestprof,/astro/mwavcs/pulsar_search/SMART_quick_look_detection/1221832280/pf_1221832280_J2248-0101_22:48:26.88_-01:01:48.08_b100_477.23ms_Cand.pfd.png,,23.054,11.177,6.225597680361234,1.467387445574223,,,,,,,,
J2317+2149,1223042480,1.4446531023167097,20.86959,20.896,59.4,/astro/mwavcs/pulsar_search/SMART_quick_look_detection/1223042480/pf_1223042480_J2317+2149_23:17:57.84_+21:49:48.01_b1024_1444.65ms_Cand.pfd.bestprof,/astro/mwavcs/pulsar_search/SMART_quick_look_detection/1223042480/pf_1223042480_J2317+2149_23:17:57.84_+21:49:48.01_b1024_1444.65ms_Cand.pfd.png,/astro/mwavcs/vcs/1223042480/dpp/1223042480_J2317+2149/1223042480_J2317+2149_archive.ar,51.706,6.699,24.042891020421653,1.6916519090186655,,,,,,,,
J2324-6054,1227009976,2.3474883631250436,14.0,14.000,10.2,/astro/mwavcs/pulsar_search/SMART_quick_look_detection/1227009976/1227009976_J2324-6054.bestprof,/astro/mwavcs/pulsar_search/SMART_quick_look_detection/1227009976/1227009976_J2324-6054.prepfold.ps,,11.611,4.088,17.012383696923663,5.379788091099444,,,,,,,,
J2325-0530,1222697776,0.8687351150250493,14.966,15.009,9.6,/astro/mwavcs/pulsar_search/SMART_quick_look_detection/1222697776/pf_1222697776_J2325-0530_23:25:15.30_-05:30:39.00_b1024_868.74ms_Cand.pfd.bestprof,/astro/mwavcs/pulsar_search/SMART_quick_look_detection/1222697776/pf_1222697776_J2325-0530_23:25:15.30_-05:30:39.00_b1024_868.74ms_Cand.pfd.png,/astro/mwavcs/vcs/1222697776/dpp/1222697776_J2325-0530/1222697776_J2325-0530_archive.ar,15.063,4.446,10.731291919405217,0.7550510646277533,,,,,,,,
J2330-2005,1222697776,1.6436221853269488,8.456,8.463,127.2,/astro/mwavcs/pulsar_search/SMART_quick_look_detection/1222697776/pf_1222697776_J2330-2005_23:30:26.88_-20:05:29.63_b1024_1643.62ms_Cand.pfd.bestprof,/astro/mwavcs/pulsar_search/SMART_quick_look_detection/1222697776/pf_1222697776_J2330-2005_23:30:26.88_-20:05:29.63_b1024_1643.62ms_Cand.pfd.png,/astro/mwavcs/vcs/1222697776/dpp/1222697776_J2330-2005/1222697776_J2330-2005_archive.ar,77.613,12.145,66.41827794533755,4.673173728755359,,,,,,,,
J2330-2005,1226062160,1.6436221853269488,8.456,8.465,240.0,/astro/mwavcs/pulsar_search/SMART_quick_look_detection/1226062160/pf_1226062160_J2330-2005_23:30:26.88_-20:05:29.63_b1024_1643.73ms_Cand.pfd.bestprof,/astro/mwavcs/pulsar_search/SMART_quick_look_detection/1226062160/pf_1226062160_J2330-2005_23:30:26.88_-20:05:29.63_b1024_1643.73ms_Cand.pfd.png,/astro/mwavcs/vcs/1226062160/dpp/1226062160_J2330-2005/1226062160_J2330-2005_archive.ar,87.236,13.693,112.44221011524631,7.91140629611349,,,,,,,,
J2336-01,1222697776,1.0298,19.6,19.376,8.5,/astro/mwavcs/pulsar_search/SMART_quick_look_detection/1222697776/pf_1222697776_J2336-01_23:36:36.00_-01:51:00.00_b128_1029.80ms_Cand.pfd.bestprof,/astro/mwavcs/pulsar_search/SMART_quick_look_detection/1222697776/pf_1222697776_J2336-01_23:36:36.00_-01:51:00.00_b128_1029.80ms_Cand.pfd.png,/astro/mwavcs/vcs/1222697776/dpp/1222697776_J2336-01/1222697776_J2336-01_archive.ar,52.64,10.133,11.696618270504823,2.38756220657099,,,,,,,,
J2354-22,1226062160,0.557996,9.9,9.994,29.5,/astro/mwavcs/pulsar_search/SMART_quick_look_detection/1226062160/pf_1226062160_J2354-22_23:54:26.00_-22:51:53.00_b512_558.07ms_Cand.pfd.bestprof,/astro/mwavcs/pulsar_search/SMART_quick_look_detection/1226062160/pf_1226062160_J2354-22_23:54:26.00_-22:51:53.00_b512_558.07ms_Cand.pfd.png,/astro/mwavcs/vcs/1226062160/dpp/1226062160_J2354-22/1226062160_J2354-22_archive.ar,15.586,2.956,25.213208670672678,2.521320867067268,,,,,,,,
